id,songId,artistId
1,11,785
2,426,1763
3,596,99
4,805,330
5,1341,1870
6,1469,40
7,1555,3
8,1556,3
9,1641,44
10,1689,46
11,1851,1
12,1878,1763
13,1895,3
14,1976,6
15,2134,9
16,2149,12
17,2163,14
18,2164,15
19,2165,15
20,2166,14
21,2199,17
22,2498,20
23,2518,24
24,2522,26
25,2526,14
26,2529,14
27,2552,28
28,2625,32
29,2926,14
30,3020,53
31,3067,51
32,3232,61
33,3358,547
34,3460,1763
35,3505,6
36,3647,367
37,3980,105
38,4113,776
39,4269,15
40,4270,15
41,4359,326
42,4437,82
43,4506,14
44,4526,188
45,4609,4
46,4610,4
47,4759,199
48,5257,570
49,5289,121
50,5575,833
51,5591,334
52,5837,1763
53,5888,22
54,5892,31
55,5909,3
56,6305,21
57,6689,323
58,6893,22
59,7073,1109
60,7263,1224
61,7531,152
62,7589,89
63,7605,184
64,7609,200
65,7669,131
66,7680,6
67,7734,905
68,8111,334
69,8312,135
70,8313,1763
71,8583,14
72,8751,3
73,8784,992
74,8961,1109
75,9405,750
76,9406,4
77,9487,155
78,9505,15
79,9524,160
80,9542,162
81,9543,164
82,9551,165
83,9555,166
84,9558,168
85,9564,170
86,9573,135
87,9578,174
88,9586,176
89,9590,170
90,9603,178
91,9604,179
92,9605,180
93,9626,183
94,9632,184
95,9646,186
96,9655,188
97,9659,189
98,9661,64
99,9685,166
100,9690,193
101,9694,178
102,9712,196
103,9741,133
104,9742,133
105,9766,199
106,9793,202
107,9800,11
108,9802,203
109,9805,204
110,9806,205
111,9819,206
112,9820,209
113,9834,6
114,9839,99
115,9846,22
116,9867,212
117,9873,214
118,9877,216
119,9879,218
120,9882,221
121,9900,222
122,9902,224
123,9904,226
124,9905,227
125,9907,99
126,9914,230
127,9922,189
128,9934,59
129,9947,233
130,9949,236
131,9960,238
132,9962,239
133,9965,242
134,9983,244
135,9991,245
136,9995,10
137,10003,248
138,10015,249
139,10017,172
140,10020,252
141,10025,255
142,10032,77
143,10035,51
144,10036,258
145,10041,259
146,10043,260
147,10049,257
148,10052,261
149,10058,264
150,10068,266
151,10070,268
152,10073,68
153,10074,6
154,10075,26
155,10076,272
156,10081,105
157,10101,274
158,10102,276
159,10107,152
160,10111,204
161,10127,279
162,10134,280
163,10137,282
164,10140,283
165,10141,283
166,10158,285
167,10169,286
168,10171,287
169,10173,4
170,10174,172
171,10179,274
172,10185,6
173,10243,292
174,10246,294
175,10253,295
176,10258,297
177,10259,299
178,10262,300
179,10266,105
180,10274,302
181,10284,304
182,10294,305
183,10295,307
184,10296,309
185,10305,16
186,10335,312
187,10342,314
188,10353,317
189,10354,1919
190,10360,320
191,10371,321
192,10378,323
193,10425,3
194,10439,326
195,10440,299
196,10448,329
197,10453,330
198,10477,83
199,10478,332
200,10489,333
201,10501,334
202,10514,299
203,10516,82
204,10519,166
205,10531,337
206,10541,338
207,10547,248
208,10568,340
209,10600,342
210,10608,343
211,10616,344
212,10635,344
213,10637,244
214,10640,242
215,10643,420
216,10648,304
217,10652,434
218,10675,172
219,10678,335
220,10688,121
221,10693,121
222,10698,22
223,10704,380
224,10719,1624
225,10725,274
226,10746,345
227,10750,346
228,10767,349
229,10783,351
230,10789,326
231,10792,300
232,10798,354
233,10808,257
234,10810,416
235,10815,356
236,10819,358
237,10831,17
238,10835,360
239,10843,362
240,10856,363
241,10872,365
242,10876,24
243,10879,304
244,10883,242
245,10886,166
246,10887,368
247,10919,347
248,10926,22
249,10931,1763
250,10933,162
251,10934,51
252,10935,248
253,10936,1467
254,10941,337
255,10957,629
256,10998,61
257,11016,131
258,11038,878
259,11066,1023
260,11070,155
261,11098,131
262,11102,61
263,11108,3
264,11119,518
265,11123,275
266,11127,204
267,11134,166
268,11135,248
269,11144,1275
270,11145,459
271,11155,337
272,11157,189
273,11163,1026
274,11164,1050
275,11166,344
276,11175,504
277,11186,1113
278,11191,330
279,11227,112
280,11244,372
281,11262,189
282,11272,376
283,11282,377
284,11289,378
285,11291,304
286,11295,380
287,11342,179
288,11346,383
289,11371,384
290,11381,22
291,11441,386
292,11451,170
293,11463,388
294,11471,389
295,11479,390
296,11483,392
297,11491,314
298,11503,3
299,11521,333
300,11528,16
301,11567,121
302,11570,394
303,11574,172
304,11575,3
305,11583,174
306,11611,46
307,11616,395
308,11641,115
309,11644,396
310,11665,397
311,11694,244
312,11731,121
313,11752,269
314,11781,203
315,11786,22
316,11799,403
317,11802,404
318,11813,208
319,11816,405
320,11817,405
321,11818,405
322,11822,51
323,11840,410
324,11841,189
325,11843,412
326,11850,415
327,11857,193
328,11860,61
329,11865,186
330,11868,59
331,11869,326
332,11870,416
333,11871,375
334,11873,138
335,11874,51
336,11877,868
337,11880,250
338,11883,1493
339,11884,189
340,11887,51
341,11891,59
342,11894,346
343,11914,1843
344,11918,51
345,11939,417
346,11963,416
347,11965,405
348,11972,257
349,11990,418
350,11994,504
351,11995,416
352,11996,377
353,11997,61
354,12000,416
355,12001,1505
356,12009,948
357,12013,118
358,12023,375
359,12023,257
360,12029,17
361,12030,419
362,12036,420
363,12044,384
364,12045,89
365,12046,231
366,12047,344
367,12048,309
368,12049,424
369,12050,82
370,12052,48
371,12053,417
372,12054,427
373,12055,429
374,12056,1326
375,12057,204
376,12058,274
377,12062,208
378,12063,416
379,12064,432
380,12066,503
381,12068,217
382,12069,109
383,12070,135
384,12071,1984
385,12072,317
386,12074,434
387,12075,197
388,12076,337
389,12077,428
390,12079,212
391,12080,314
392,12081,1436
393,12082,89
394,12083,1492
395,12085,416
396,12086,517
397,12087,400
398,12088,405
399,12089,231
400,12090,383
401,12091,442
402,12092,444
403,12093,105
404,12110,446
405,12144,1023
406,12150,304
407,12160,344
408,12191,447
409,12196,449
410,12198,365
411,12211,330
412,12262,3
413,12268,103
414,12307,451
415,12313,203
416,12317,159
417,12322,403
418,12339,1436
419,12400,1113
420,12434,18
421,12489,28
422,12536,269
423,12549,1109
424,12574,47
425,12586,452
426,12609,17
427,12647,89
428,12649,3
429,12663,455
430,12666,1197
431,12767,457
432,12772,339
433,12775,112
434,12788,629
435,12840,105
436,12841,155
437,12846,183
438,12857,903
439,12865,121
440,12868,27
441,12874,416
442,12890,458
443,12897,242
444,12911,59
445,12925,459
446,12926,333
447,12929,112
448,12940,403
449,12964,948
450,12973,504
451,12975,334
452,13007,172
453,13010,170
454,13011,462
455,13017,257
456,13020,504
457,13022,420
458,13025,121
459,13036,346
460,13037,1216
461,13048,463
462,13050,170
463,13077,17
464,13082,346
465,13089,54
466,13090,99
467,13104,465
468,13111,1798
469,13113,51
470,13127,346
471,13130,257
472,13136,1386
473,13150,334
474,13155,405
475,13157,21
476,13164,3
477,13171,434
478,13177,433
479,13178,268
480,13186,416
481,13192,416
482,13194,99
483,13210,464
484,13212,361
485,13220,244
486,13224,202
487,13239,178
488,13249,468
489,13257,155
490,13259,174
491,13286,1417
492,13289,82
493,13290,1190
494,13297,3
495,13298,365
496,13300,188
497,13308,471
498,13309,220
499,13320,703
500,13322,472
501,13323,473
502,13324,474
503,13330,475
504,13333,428
505,13337,54
506,13338,54
507,13344,61
508,13354,479
509,13390,482
510,13393,220
511,13430,483
512,13437,59
513,13442,257
514,13455,248
515,13459,344
516,13470,3
517,13472,22
518,13474,416
519,13475,257
520,13477,484
521,13482,189
522,13505,162
523,13507,416
524,13547,486
525,13574,488
526,13581,337
527,13582,259
528,13591,189
529,13601,189
530,13612,152
531,13668,59
532,13674,491
533,13686,365
534,13688,493
535,13690,131
536,13708,495
537,13739,496
538,13741,22
539,13742,22
540,13750,497
541,13764,89
542,13768,26
543,13781,99
544,13785,377
545,13791,502
546,13792,503
547,13794,505
548,13795,314
549,13796,508
550,13797,509
551,13798,11
552,13800,203
553,13801,455
554,13802,512
555,13803,512
556,13804,513
557,13805,514
558,13806,515
559,13807,403
560,13808,1436
561,13809,104
562,13810,516
563,13811,305
564,13813,17
565,13814,1152
566,13815,518
567,13816,1873
568,13817,4
569,13818,4
570,13819,479
571,13820,566
572,13821,166
573,13822,224
574,13822,112
575,13822,521
576,13823,522
577,13824,268
578,13825,268
579,13826,523
580,13827,524
581,13828,2313
582,13829,526
583,13830,527
584,13831,527
585,13832,528
586,13833,530
587,13834,531
588,13835,1873
589,13836,169
590,13837,77
591,13839,268
592,13841,532
593,13842,533
594,13844,536
595,13845,92
596,13846,537
597,13847,539
598,13848,540
599,13849,133
600,13850,541
601,13855,1918
602,13856,1918
603,13857,1918
604,13858,543
605,13860,1651
606,13861,547
607,13862,26
608,13863,1710
609,13864,548
610,13865,549
611,13866,550
612,13867,551
613,13868,552
614,13869,120
615,13870,269
616,13872,554
617,13873,555
618,13874,556
619,13875,170
620,13876,10
621,13877,557
622,13878,558
623,13880,78
624,13881,489
625,13882,562
626,13883,563
627,13884,497
628,13885,455
629,13886,564
630,13887,924
631,13887,172
632,13887,21
633,13888,325
634,13889,173
635,13890,173
636,13891,1870
637,13892,523
638,13893,565
639,13895,131
640,13895,326
641,13896,566
642,13897,417
643,13898,567
644,13899,188
645,13900,212
646,13901,1120
647,13902,304
648,13903,428
649,13904,1873
650,13906,568
651,13907,569
652,13908,16
653,13909,197
654,13910,570
655,13911,571
656,13913,29
657,13914,572
658,13915,573
659,13917,261
660,13918,691
661,13919,3
662,13920,547
663,13922,326
664,13922,661
665,13923,449
666,13924,574
667,13925,575
668,13926,1191
669,13927,576
670,13928,1657
671,13930,133
672,13931,337
673,13932,376
674,13933,376
675,13937,105
676,13938,508
677,13939,233
678,13940,1112
679,13943,1008
680,13945,1439
681,13946,631
682,13947,2074
683,13948,1339
684,13951,613
685,13952,1870
686,13953,153
687,13954,1393
688,13955,512
689,13957,2064
690,13958,377
691,13965,302
692,13966,216
693,13968,1505
694,13970,4
695,13970,830
696,13970,1162
697,13971,830
698,13972,1872
699,13973,3
700,13976,99
701,13977,64
702,13978,1171
703,13979,282
704,13981,1452
705,13983,31
706,13984,77
707,13985,1224
708,13986,54
709,13987,268
710,13989,268
711,13990,268
712,13991,268
713,13997,525
714,13998,1044
715,14000,1601
716,14002,455
717,14003,434
718,14004,570
719,14005,426
720,14006,118
721,14010,1343
722,14011,304
723,14014,1918
724,14016,577
725,14017,578
726,14018,1615
727,14019,289
728,14021,113
729,14022,444
730,14023,525
731,14024,547
732,14025,4
733,14026,3
734,14027,865
735,14028,517
736,14029,417
737,14030,579
738,14031,532
739,14032,580
740,14033,581
741,14034,582
742,14035,583
743,14036,623
744,14037,1044
745,14038,479
746,14040,584
747,14041,304
748,14042,1870
749,14043,570
750,14044,585
751,14045,586
752,14046,54
753,14047,587
754,14048,220
755,14049,588
756,14050,528
757,14051,589
758,14054,590
759,14055,776
760,14056,591
761,14057,592
762,14058,593
763,14061,40
764,14062,547
765,14063,172
766,14064,304
767,14065,594
768,14066,388
769,14067,595
770,14068,403
771,14069,596
772,14070,1301
773,14071,1301
774,14072,417
775,14073,597
776,14076,120
777,14077,18
778,14078,598
779,14080,257
780,14082,530
781,14083,1075
782,14084,599
783,14085,221
784,14086,600
785,14087,254
786,14089,280
787,14090,117
788,14091,248
789,14092,570
790,14094,601
791,14095,16
792,14096,18
793,14097,105
794,14098,289
795,14099,18
796,14100,602
797,14102,260
798,14103,362
799,14104,304
800,14104,2283
801,14105,603
802,14106,604
803,14107,330
804,14109,605
805,14110,606
806,14111,1308
807,14112,551
808,14113,455
809,14114,203
810,14115,2307
811,14116,607
812,14117,1932
813,14122,304
814,14123,49
815,14125,304
816,14126,418
817,14127,660
818,14131,255
819,14132,608
820,14133,10
821,14135,609
822,14136,89
823,14138,2165
824,14139,610
825,14140,233
826,14141,94
827,14142,1075
828,14143,611
829,14144,186
830,14145,612
831,14146,255
832,14147,613
833,14148,196
834,14149,614
835,14151,330
836,14152,459
837,14153,578
838,14154,497
839,14155,615
840,14156,220
841,14157,224
842,14159,616
843,14160,304
844,14162,859
845,14163,617
846,14164,618
847,14165,489
848,14167,619
849,14169,620
850,14170,621
851,14171,64
852,14173,622
853,14174,623
854,14175,311
855,14176,624
856,14177,625
857,14178,626
858,14179,18
859,14180,118
860,14181,89
861,14183,627
862,14184,372
863,14186,628
864,14188,14
865,14189,16
866,14190,1964
867,14190,2165
868,14190,10
869,14191,49
870,14192,180
871,14193,2151
872,14194,1870
873,14195,93
874,14196,1766
875,14198,1328
876,14199,611
877,14200,1275
878,14201,49
879,14202,266
880,14203,198
881,14205,1502
882,14206,2339
883,14207,49
884,14208,36
885,14209,570
886,14211,611
887,14212,2034
888,14214,735
889,14215,810
890,14216,428
891,14218,428
892,14219,1113
893,14222,77
894,14224,497
895,14225,455
896,14226,1502
897,14228,254
898,14229,668
899,14230,1024
900,14231,455
901,14232,64
902,14235,629
903,14237,428
904,14238,330
905,14240,1306
906,14241,779
907,14242,224
908,14243,2113
909,14244,1439
910,14245,1781
911,14246,1070
912,14247,1870
913,14248,1870
914,14249,630
915,14250,330
916,14251,631
917,14252,632
918,14253,245
919,14254,633
920,14255,578
921,14256,570
922,14257,634
923,14259,105
924,14261,121
925,14262,165
926,14263,165
927,14264,1134
928,14265,598
929,14267,1358
930,14268,49
931,14271,59
932,14272,155
933,14273,87
934,14274,289
935,14275,400
936,14277,109
937,14281,49
938,14282,10
939,14283,636
940,14284,455
941,14285,126
942,14286,637
943,14287,459
944,14288,1870
945,14289,476
946,14290,516
947,14291,331
948,14293,779
949,14294,372
950,14295,31
951,14296,638
952,14297,183
953,14298,639
954,14299,99
955,14300,476
956,14301,555
957,14302,49
958,14303,640
959,14304,632
960,14307,176
961,14308,17
962,14308,518
963,14309,770
964,14311,641
965,14313,244
966,14314,434
967,14315,642
968,14316,483
969,14317,233
970,14318,458
971,14319,643
972,14320,61
973,14321,1402
974,14324,121
975,14326,1870
976,14328,31
977,14329,644
978,14330,645
979,14331,266
980,14333,18
981,14334,18
982,14335,1873
983,14336,340
984,14337,76
985,14338,646
986,14339,77
987,14342,1402
988,14343,3
989,14344,584
990,14346,896
991,14347,18
992,14348,105
993,14350,28
994,14353,6
995,14354,647
996,14357,648
997,14359,584
998,14360,400
999,14361,102
1000,14362,649
1001,14363,650
1002,14364,1873
1003,14366,2074
1004,14368,651
1005,14369,17
1006,14370,17
1007,14371,1783
1008,14373,652
1009,14374,653
1010,14375,244
1011,14376,625
1012,14377,176
1013,14378,1299
1014,14380,49
1015,14381,2123
1016,14382,654
1017,14383,655
1018,14384,483
1019,14386,656
1020,14389,49
1021,14390,203
1022,14391,188
1023,14392,1958
1024,14395,524
1025,14396,428
1026,14397,657
1027,14398,1306
1028,14399,3
1029,14400,3
1030,14401,1870
1031,14402,658
1032,14403,49
1033,14404,49
1034,14405,659
1035,14406,660
1036,14407,1960
1037,14408,548
1038,14409,629
1039,14411,551
1040,14412,1070
1041,14413,112
1042,14414,11
1043,14415,547
1044,14416,10
1045,14417,1527
1046,14418,1063
1047,14419,203
1048,14420,38
1049,14421,661
1050,14422,38
1051,14423,38
1052,14424,1070
1053,14425,662
1054,14426,289
1055,14427,289
1056,14428,10
1057,14429,663
1058,14430,664
1059,14431,2210
1060,14433,302
1061,14436,665
1062,14437,64
1063,14439,172
1064,14440,666
1065,14442,667
1066,14446,937
1067,14447,143
1068,14448,1335
1069,14449,668
1070,14452,669
1071,14453,670
1072,14455,1776
1073,14456,671
1074,14457,502
1075,14458,470
1076,14459,204
1077,14460,1873
1078,14461,342
1079,14462,299
1080,14463,261
1081,14464,672
1082,14465,968
1083,14466,673
1084,14467,66
1085,14468,674
1086,14469,129
1087,14470,810
1088,14471,570
1089,14472,304
1090,14473,675
1091,14474,676
1092,14476,667
1093,14477,302
1094,14478,677
1095,14479,678
1096,14480,679
1097,14481,896
1098,14482,82
1099,14483,680
1100,14484,3
1101,14485,625
1102,14486,323
1103,14487,580
1104,14488,580
1105,14489,681
1106,14491,625
1107,14492,682
1108,14493,314
1109,14494,570
1110,14495,99
1111,14496,683
1112,14497,684
1113,14498,685
1114,14499,304
1115,14500,1402
1116,14501,29
1117,14502,687
1118,14503,691
1119,14504,693
1120,14505,695
1121,14506,696
1122,14507,697
1123,14508,115
1124,14509,547
1125,14510,700
1126,14511,701
1127,14512,1986
1128,14513,471
1129,14515,702
1130,14516,703
1131,14517,705
1132,14520,443
1133,14521,329
1134,14522,708
1135,14523,668
1136,14524,1418
1137,14525,94
1138,14526,94
1139,14527,49
1140,14528,64
1141,14529,483
1142,14530,711
1143,14532,570
1144,14533,712
1145,14534,896
1146,14535,713
1147,14536,714
1148,14537,715
1149,14538,49
1150,14539,716
1151,14540,717
1152,14541,17
1153,14543,667
1154,14544,525
1155,14545,718
1156,14546,719
1157,14549,570
1158,14550,525
1159,14552,49
1160,14555,721
1161,14557,59
1162,14558,120
1163,14561,722
1164,14562,70
1165,14563,723
1166,14564,349
1167,14565,49
1168,14566,342
1169,14567,725
1170,14569,726
1171,14570,459
1172,14571,441
1173,14572,570
1174,14573,727
1175,14574,727
1176,14575,667
1177,14576,449
1178,14578,418
1179,14579,489
1180,14580,730
1181,14581,518
1182,14583,731
1183,14586,255
1184,14587,516
1185,14588,516
1186,14589,732
1187,14590,733
1188,14591,570
1189,14592,570
1190,14593,570
1191,14595,48
1192,14596,672
1193,14597,737
1194,14598,738
1195,14599,739
1196,14600,741
1197,14601,742
1198,14602,743
1199,14603,745
1200,14604,746
1201,14606,747
1202,14607,748
1203,14608,678
1204,14609,749
1205,14610,750
1206,14611,751
1207,14612,752
1208,14614,753
1209,14616,754
1210,14617,612
1211,14618,323
1212,14619,756
1213,14620,757
1214,14621,758
1215,14622,759
1216,14625,1439
1217,14633,459
1218,14634,660
1219,14635,455
1220,14636,193
1221,14637,227
1222,14638,656
1223,14640,6
1224,14641,6
1225,14642,631
1226,14644,155
1227,14645,530
1228,14646,31
1229,14647,780
1230,14647,22
1231,14649,1100
1232,14650,1100
1233,14652,2114
1234,14653,1048
1235,14654,632
1236,14658,1870
1237,14659,2034
1238,14663,470
1239,14664,550
1240,14665,548
1241,14666,49
1242,14667,1349
1243,14668,429
1244,14672,667
1245,14673,779
1246,14676,2074
1247,14682,1308
1248,14684,723
1249,14686,304
1250,14687,424
1251,14688,1581
1252,14692,49
1253,14694,497
1254,14695,255
1255,14696,1926
1256,14697,82
1257,14698,1145
1258,14704,1047
1259,14705,302
1260,14706,105
1261,14707,105
1262,14708,442
1263,14710,1679
1264,14712,532
1265,14715,49
1266,14716,376
1267,14719,760
1268,14720,761
1269,14721,350
1270,14722,762
1271,14723,764
1272,14724,765
1273,14725,28
1274,14726,767
1275,14729,49
1276,14730,49
1277,14731,455
1278,14732,188
1279,14733,770
1280,14734,770
1281,14735,774
1282,14736,632
1283,14737,1418
1284,14738,775
1285,14739,489
1286,14740,776
1287,14741,777
1288,14742,99
1289,14743,204
1290,14744,525
1291,14745,325
1292,14746,779
1293,14747,3
1294,14748,22
1295,14749,49
1296,14750,781
1297,14752,782
1298,14753,782
1299,14754,198
1300,14754,783
1301,14755,584
1302,14756,784
1303,14757,785
1304,14758,786
1305,14759,598
1306,14761,253
1307,14762,656
1308,14763,788
1309,14764,789
1310,14765,790
1311,14766,791
1312,14767,112
1313,14768,212
1314,14769,365
1315,14770,49
1316,14771,792
1317,14772,49
1318,14773,793
1319,14774,326
1320,14775,244
1321,14776,794
1322,14777,49
1323,14778,193
1324,14779,795
1325,14780,796
1326,14781,797
1327,14782,668
1328,14783,49
1329,14784,3
1330,14786,798
1331,14787,799
1332,14789,117
1333,14790,1439
1334,14792,752
1335,14794,801
1336,14795,803
1337,14796,804
1338,14797,555
1339,14798,196
1340,14799,805
1341,14800,806
1342,14801,808
1343,14802,77
1344,14803,809
1345,14804,170
1346,14805,260
1347,14806,811
1348,14807,27
1349,14808,813
1350,14809,814
1351,14810,660
1352,14811,815
1353,14812,817
1354,14813,785
1355,14814,455
1356,14815,64
1357,14816,255
1358,14817,818
1359,14818,700
1360,14819,819
1361,14820,49
1362,14821,527
1363,14822,723
1364,14823,625
1365,14824,820
1366,14825,821
1367,14826,252
1368,14827,242
1369,14829,121
1370,14830,827
1371,14831,828
1372,14832,829
1373,14834,365
1374,14835,302
1375,14836,830
1376,14837,831
1377,14838,112
1378,14839,833
1379,14840,833
1380,14841,693
1381,14842,834
1382,14843,835
1383,14844,125
1384,14846,304
1385,14847,245
1386,14848,836
1387,14849,547
1388,14850,838
1389,14851,839
1390,14852,64
1391,14853,840
1392,14854,841
1393,14855,842
1394,14856,843
1395,14857,455
1396,14858,833
1397,14859,723
1398,14861,846
1399,14862,525
1400,14863,570
1401,14864,848
1402,14865,849
1403,14866,475
1404,14867,3
1405,14869,212
1406,14870,853
1407,14871,1171
1408,14872,854
1409,14873,752
1410,14874,1232
1411,14876,61
1412,14881,131
1413,14882,1069
1414,14883,707
1415,14884,855
1416,14885,856
1417,14886,857
1418,14887,858
1419,14888,859
1420,14890,862
1421,14891,99
1422,14893,864
1423,14894,865
1424,14895,571
1425,14896,268
1426,14898,868
1427,14899,871
1428,14900,255
1429,14901,872
1430,14902,99
1431,14903,66
1432,14904,113
1433,14905,255
1434,14907,689
1435,14908,667
1436,14909,632
1437,14910,874
1438,14911,361
1439,14912,525
1440,14913,584
1441,14914,876
1442,14915,49
1443,14916,879
1444,14917,572
1445,14918,497
1446,14919,880
1447,14920,881
1448,14921,186
1449,14922,131
1450,14923,882
1451,14924,260
1452,14925,883
1453,14926,884
1454,14927,166
1455,14928,132
1456,14929,656
1457,14930,444
1458,14932,887
1459,14933,889
1460,14934,890
1461,14935,891
1462,14936,892
1463,14937,893
1464,14938,896
1465,14939,143
1466,14940,131
1467,14942,898
1468,14945,54
1469,14945,18
1470,14947,899
1471,14948,302
1472,14949,900
1473,14950,902
1474,14952,475
1475,14953,903
1476,14954,903
1477,14955,904
1478,14956,227
1479,14957,64
1480,14958,779
1481,14960,1615
1482,14961,2151
1483,14963,905
1484,14964,907
1485,14965,908
1486,14966,909
1487,14967,632
1488,14969,910
1489,14970,911
1490,14971,598
1491,14972,532
1492,14973,233
1493,14974,912
1494,14975,913
1495,14976,349
1496,14977,914
1497,14978,915
1498,14979,667
1499,14980,916
1500,14981,570
1501,14982,828
1502,14984,917
1503,14985,918
1504,14986,919
1505,14987,920
1506,14988,4
1507,14989,921
1508,14990,548
1509,14991,922
1510,14992,923
1511,14993,820
1512,14994,260
1513,14995,924
1514,14996,1843
1515,14997,779
1516,14998,268
1517,14999,268
1518,15000,455
1519,15002,926
1520,15004,525
1521,15005,842
1522,15006,927
1523,15007,49
1524,15009,620
1525,15010,931
1526,15011,49
1527,15012,611
1528,15013,1171
1529,15014,933
1530,15015,934
1531,15016,935
1532,15017,936
1533,15018,3
1534,15019,3
1535,15021,3
1536,15022,937
1537,15023,782
1538,15024,656
1539,15025,939
1540,15026,323
1541,15027,132
1542,15028,464
1543,15029,940
1544,15030,465
1545,15031,548
1546,15032,314
1547,15033,942
1548,15034,455
1549,15035,620
1550,15036,752
1551,15039,255
1552,15040,17
1553,15041,944
1554,15042,946
1555,15043,947
1556,15044,170
1557,15045,172
1558,15047,455
1559,15048,1986
1560,15049,949
1561,15050,833
1562,15051,634
1563,15052,203
1564,15053,99
1565,15054,950
1566,15055,547
1567,15056,157
1568,15057,668
1569,15058,269
1570,15059,443
1571,15060,188
1572,15061,342
1573,15062,342
1574,15063,2151
1575,15064,68
1576,15065,810
1577,15066,952
1578,15067,953
1579,15068,954
1580,15069,625
1581,15070,955
1582,15071,956
1583,15072,244
1584,15073,455
1585,15074,955
1586,15075,255
1587,15077,89
1588,15079,105
1589,15080,656
1590,15081,779
1591,15082,958
1592,15083,1069
1593,15084,77
1594,15086,959
1595,15087,1870
1596,15089,960
1597,15090,1870
1598,15091,961
1599,15092,480
1600,15093,36
1601,15094,964
1602,15095,1872
1603,15096,659
1604,15097,965
1605,15098,625
1606,15099,966
1607,15100,967
1608,15101,968
1609,15102,969
1610,15103,525
1611,15104,105
1612,15105,198
1613,15106,828
1614,15108,970
1615,15109,971
1616,15110,302
1617,15111,49
1618,15112,896
1619,15113,468
1620,15114,972
1621,15116,49
1622,15117,476
1623,15118,289
1624,15119,210
1625,15120,170
1626,15121,882
1627,15122,17
1628,15123,974
1629,15124,975
1630,15125,726
1631,15125,18
1632,15126,976
1633,15127,979
1634,15128,434
1635,15129,980
1636,15130,981
1637,15131,982
1638,15132,419
1639,15133,17
1640,15134,984
1641,15135,985
1642,15136,986
1643,15137,289
1644,15137,21
1645,15137,958
1646,15138,15
1647,15139,988
1648,15140,289
1649,15142,518
1650,15143,518
1651,15144,49
1652,15145,989
1653,15146,970
1654,15147,242
1655,15148,283
1656,15149,10
1657,15150,990
1658,15151,990
1659,15152,547
1660,15153,77
1661,15154,3
1662,15155,1873
1663,15156,993
1664,15158,700
1665,15159,17
1666,15160,95
1667,15161,997
1668,15162,169
1669,15163,77
1670,15164,999
1671,15165,1000
1672,15165,196
1673,15165,1002
1674,15165,1001
1675,15166,449
1676,15167,155
1677,15168,15
1678,15169,242
1679,15170,508
1680,15171,289
1681,15172,77
1682,15173,578
1683,15174,21
1684,15175,1004
1685,15176,3
1686,15177,400
1687,15178,597
1688,15179,1006
1689,15180,1007
1690,15181,254
1691,15182,1008
1692,15183,1009
1693,15184,77
1694,15187,3
1695,15188,947
1696,15189,578
1697,15190,904
1698,15191,887
1699,15192,1011
1700,15193,242
1701,15194,666
1702,15195,1012
1703,15196,1121
1704,15197,1013
1705,15198,1014
1706,15199,667
1707,15200,82
1708,15201,578
1709,15202,489
1710,15203,539
1711,15204,1343
1712,15205,105
1713,15206,1015
1714,15207,609
1715,15208,156
1716,15209,1017
1717,15210,1018
1718,15211,1019
1719,15212,1020
1720,15213,1022
1721,15214,1023
1722,15215,1023
1723,15216,1024
1724,15217,1025
1725,15218,1026
1726,15219,4
1727,15219,224
1728,15220,2034
1729,15221,1028
1730,15222,304
1731,15223,1029
1732,15224,1031
1733,15225,1032
1734,15226,1033
1735,15227,1034
1736,15229,64
1737,15230,49
1738,15231,49
1739,15232,70
1740,15233,49
1741,15234,64
1742,15235,1035
1743,15236,1035
1744,15237,1035
1745,15238,1036
1746,15239,49
1747,15240,1037
1748,15241,565
1749,15242,570
1750,15243,570
1751,15244,656
1752,15245,1038
1753,15246,455
1754,15247,1039
1755,15248,691
1756,15249,590
1757,15250,1870
1758,15251,1040
1759,15252,1502
1760,15253,1041
1761,15254,1042
1762,15255,656
1763,15256,105
1764,15256,131
1765,15257,104
1766,15258,1043
1767,15259,204
1768,15260,1043
1769,15261,280
1770,15262,385
1771,15263,1044
1772,15264,1044
1773,15265,565
1774,15266,1047
1775,15267,1048
1776,15268,64
1777,15269,1049
1778,15270,252
1779,15271,1051
1780,15272,376
1781,15274,1053
1782,15275,1054
1783,15276,261
1784,15277,896
1785,15278,1055
1786,15279,290
1787,15280,1056
1788,15281,547
1789,15282,1059
1790,15283,1060
1791,15284,1059
1792,15285,1439
1793,15286,202
1794,15287,183
1795,15288,442
1796,15289,169
1797,15290,334
1798,15291,896
1799,15292,1062
1800,15293,1063
1801,15294,476
1802,15295,897
1803,15296,1065
1804,15297,1066
1805,15298,471
1806,15299,2034
1807,15300,677
1808,15301,548
1809,15302,1067
1810,15303,1068
1811,15304,224
1812,15305,388
1813,15306,3
1814,15307,31
1815,15309,1071
1816,15310,653
1817,15311,833
1818,15312,833
1819,15313,113
1820,15314,203
1821,15315,455
1822,15316,1073
1823,15317,1074
1824,15318,1075
1825,15319,1076
1826,15320,193
1827,15321,700
1828,15322,49
1829,15323,465
1830,15324,1078
1831,15325,661
1832,15326,1079
1833,15327,1080
1834,15328,248
1835,15329,104
1836,15330,15
1837,15332,289
1838,15334,212
1839,15335,1537
1840,15336,455
1841,15338,1528
1842,15339,203
1843,15340,521
1844,15343,570
1845,15346,155
1846,15347,99
1847,15348,1107
1848,15349,517
1849,15350,260
1850,15351,1023
1851,15352,257
1852,15353,715
1853,15354,203
1854,15355,1111
1855,15357,570
1856,15358,1112
1857,15359,14
1858,15360,476
1859,15361,197
1860,15362,2064
1861,15363,1873
1862,15364,1044
1863,15365,255
1864,15366,565
1865,15367,1115
1866,15368,1116
1867,15369,770
1868,15370,1119
1869,15372,196
1870,15373,947
1871,15374,15
1872,15375,1060
1873,15376,289
1874,15377,289
1875,15378,1081
1876,15379,547
1877,15380,1083
1878,15381,1084
1879,15382,1087
1880,15383,1088
1881,15384,831
1882,15385,1089
1883,15386,842
1884,15387,257
1885,15389,212
1886,15390,1090
1887,15391,1091
1888,15392,578
1889,15393,1093
1890,15394,583
1891,15397,377
1892,15398,1094
1893,15399,1095
1894,15400,1096
1895,15401,1097
1896,15402,1098
1897,15403,1099
1898,15404,335
1899,15405,242
1900,15406,268
1901,15407,268
1902,15408,335
1903,15409,1102
1904,15410,138
1905,15411,1104
1906,15412,118
1907,15413,323
1908,15414,323
1909,15415,264
1910,15416,1651
1911,15417,3
1912,15420,469
1913,15421,718
1914,15423,1122
1915,15424,1123
1916,15425,1058
1917,15426,1124
1918,15427,1125
1919,15429,212
1920,15430,121
1921,15431,77
1922,15432,532
1923,15433,1126
1924,15434,1127
1925,15436,1128
1926,15437,1129
1927,15438,913
1928,15439,812
1929,15440,1131
1930,15441,1132
1931,15442,66
1932,15443,1133
1933,15444,1037
1934,15445,419
1935,15447,897
1936,15448,1135
1937,15449,1136
1938,15450,283
1939,15451,555
1940,15452,1138
1941,15453,1139
1942,15454,1141
1943,15455,1142
1944,15456,64
1945,15457,311
1946,15458,791
1947,15459,1143
1948,15460,1144
1949,15461,975
1950,15462,311
1951,15463,805
1952,15464,1147
1953,15465,1148
1954,15466,81
1955,15467,1150
1956,15468,417
1957,15469,656
1958,15470,10
1959,15471,471
1960,15472,49
1961,15473,260
1962,15474,1151
1963,15475,1152
1964,15476,70
1965,15477,1153
1966,15478,1154
1967,15479,666
1968,15480,1156
1969,15481,1343
1970,15482,1157
1971,15483,117
1972,15484,1158
1973,15485,1159
1974,15486,896
1975,15487,1161
1976,15488,523
1977,15489,1162
1978,15490,1163
1979,15491,1164
1980,15492,1165
1981,15493,833
1982,15494,217
1983,15495,1166
1984,15496,449
1985,15498,1168
1986,15499,1169
1987,15500,54
1988,15501,1170
1989,15502,261
1990,15503,261
1991,15504,105
1992,15505,105
1993,15506,261
1994,15508,1171
1995,15509,1173
1996,15510,1174
1997,15511,1175
1998,15512,261
1999,15514,1176
2000,15515,937
2001,15516,1177
2002,15517,1870
2003,15518,3
2004,15521,1178
2005,15522,329
2006,15523,1343
2007,15524,1180
2008,15526,1181
2009,15527,1872
2010,15528,49
2011,15530,1182
2012,15531,1183
2013,15532,1184
2014,15533,304
2015,15533,1185
2016,15533,2283
2017,15534,1186
2018,15535,840
2019,15536,304
2020,15537,1187
2021,15538,1188
2022,15539,1189
2023,15540,70
2024,15542,570
2025,15543,418
2026,15544,631
2027,15546,975
2028,15547,1191
2029,15548,1192
2030,15549,1870
2031,15550,455
2032,15551,949
2033,15552,1097
2034,15553,261
2035,15554,170
2036,15555,49
2037,15556,434
2038,15558,1195
2039,15559,29
2040,15560,283
2041,15561,1197
2042,15562,1198
2043,15563,1199
2044,15564,785
2045,15565,497
2046,15566,1200
2047,15567,1104
2048,15568,1171
2049,15569,1201
2050,15570,718
2051,15571,49
2052,15572,15
2053,15573,1203
2054,15574,1205
2055,15575,483
2056,15576,1207
2057,15577,1208
2058,15578,1209
2059,15579,525
2060,15580,302
2061,15581,483
2062,15582,1210
2063,15583,255
2064,15584,186
2065,15585,61
2066,15586,266
2067,15587,1211
2068,15588,623
2069,15589,455
2070,15590,785
2071,15591,155
2072,15592,314
2073,15593,455
2074,15595,77
2075,15596,186
2076,15597,489
2077,15598,289
2078,15599,1212
2079,15600,10
2080,15601,14
2081,15602,337
2082,15604,310
2083,15605,58
2084,15606,623
2085,15607,186
2086,15608,916
2087,15609,203
2088,15610,660
2089,15611,833
2090,15612,61
2091,15613,289
2092,15614,289
2093,15615,339
2094,15616,563
2095,15617,1215
2096,15618,547
2097,15619,476
2098,15620,289
2099,15621,634
2100,15622,903
2101,15622,17
2102,15622,1217
2103,15623,24
2104,15625,521
2105,15627,188
2106,15628,1218
2107,15629,203
2108,15630,1870
2109,15631,564
2110,15632,1360
2111,15633,329
2112,15634,368
2113,15635,570
2114,15636,631
2115,15637,1061
2116,15637,1222
2117,15638,186
2118,15639,1873
2119,15640,716
2120,15641,105
2121,15642,1223
2122,15643,27
2123,15644,1360
2124,15645,4
2125,15646,476
2126,15647,992
2127,15870,547
2128,15988,3
2129,16111,632
2130,16112,1225
2131,16113,1226
2132,16114,1227
2133,16115,1228
2134,16116,1776
2135,16118,49
2136,16122,1229
2137,16124,121
2138,16126,1230
2139,16127,255
2140,16129,255
2141,16130,4
2142,16131,497
2143,16134,1231
2144,16136,668
2145,16137,105
2146,16141,1232
2147,16142,1233
2148,16143,1235
2149,16144,1237
2150,16145,903
2151,16146,788
2152,16147,569
2153,16148,569
2154,16150,471
2155,16153,1239
2156,16154,203
2157,16155,793
2158,16156,789
2159,16157,1601
2160,16158,1060
2161,16159,1240
2162,16160,882
2163,16161,1241
2164,16162,434
2165,16163,578
2166,16164,1135
2167,16165,626
2168,16167,54
2169,16169,1244
2170,16170,489
2171,16171,828
2172,16172,417
2173,16173,471
2174,16174,1245
2175,16175,1246
2176,16177,1247
2177,16179,1248
2178,16180,2034
2179,16184,1249
2180,16185,850
2181,16188,639
2182,16189,1250
2183,16190,1251
2184,16191,428
2185,16194,1252
2186,16196,1254
2187,16197,153
2188,16199,924
2189,16201,304
2190,16202,1255
2191,16203,1256
2192,16204,304
2193,16207,620
2194,16208,518
2195,16209,66
2196,16210,2307
2197,16214,532
2198,16215,1261
2199,16216,248
2200,16218,1089
2201,16219,230
2202,16220,1209
2203,16225,304
2204,16227,304
2205,16229,603
2206,16230,1262
2207,16231,1191
2208,16232,975
2209,16233,1263
2210,16234,1264
2211,16235,64
2212,16236,255
2213,16238,661
2214,16241,1155
2215,16242,1256
2216,16245,896
2217,16246,41
2218,16247,1265
2219,16249,1266
2220,16251,598
2221,16252,1328
2222,16253,6
2223,16254,6
2224,16255,6
2225,16257,304
2226,16258,2322
2227,16259,919
2228,16260,1223
2229,16262,49
2230,16265,49
2231,16266,470
2232,16268,49
2233,16270,584
2234,16271,255
2235,16272,255
2236,16277,26
2237,16280,3
2238,16281,202
2239,16285,1370
2240,16286,830
2241,16287,361
2242,16288,1402
2243,16290,429
2244,16291,723
2245,16292,489
2246,16298,329
2247,16300,1439
2248,16301,555
2249,16303,896
2250,16304,570
2251,16306,668
2252,16308,245
2253,16309,245
2254,16310,323
2255,16311,323
2256,16312,1467
2257,16317,227
2258,16320,525
2259,16321,532
2260,16323,525
2261,16326,1233
2262,16331,1343
2263,16332,64
2264,16333,362
2265,16335,655
2266,16337,380
2267,16338,855
2268,16350,17
2269,16353,1267
2270,16354,1269
2271,16355,1270
2272,16356,304
2273,16360,1870
2274,16362,797
2275,16364,1271
2276,16366,1272
2277,16368,433
2278,16369,907
2279,16370,1274
2280,16371,49
2281,16372,64
2282,16375,49
2283,16377,1276
2284,16378,1276
2285,16379,49
2286,16380,1277
2287,16382,1278
2288,16386,1279
2289,16387,1870
2290,16388,613
2291,16389,102
2292,16391,459
2293,16392,1280
2294,16393,716
2295,16394,632
2296,16395,330
2297,16398,497
2298,16399,1282
2299,16401,380
2300,16402,1283
2301,16403,1284
2302,16404,417
2303,16405,483
2304,16406,1285
2305,16407,797
2306,16410,24
2307,16411,260
2308,16412,1286
2309,16413,1262
2310,16414,793
2311,16416,1287
2312,16417,555
2313,16418,1288
2314,16419,264
2315,16420,1289
2316,16421,244
2317,16422,77
2318,16427,1290
2319,16428,610
2320,16429,1291
2321,16430,1175
2322,16432,172
2323,16435,1128
2324,16436,896
2325,16437,1294
2326,16438,172
2327,16440,1295
2328,16444,522
2329,16446,1298
2330,16447,1299
2331,16449,1300
2332,16450,1300
2333,16452,120
2334,16453,92
2335,16454,1301
2336,16455,17
2337,16456,525
2338,16461,6
2339,16462,1302
2340,16463,1209
2341,16464,1303
2342,16465,1224
2343,16466,1097
2344,16467,1097
2345,16468,346
2346,16470,1305
2347,16471,499
2348,16472,1307
2349,16474,1870
2350,16475,1870
2351,16477,1308
2352,16479,41
2353,16482,1010
2354,16485,1313
2355,16489,659
2356,16490,1315
2357,16491,625
2358,16493,677
2359,16494,17
2360,16495,1317
2361,16496,976
2362,16497,667
2363,16499,1321
2364,16501,1322
2365,16502,637
2366,16503,565
2367,16506,667
2368,16520,1323
2369,16521,742
2370,16523,1308
2371,16524,1324
2372,16525,109
2373,16526,172
2374,16527,250
2375,16528,3
2376,16529,570
2377,16530,1870
2378,16531,1153
2379,16533,27
2380,16534,17
2381,16536,1325
2382,16537,1169
2383,16538,245
2384,16539,268
2385,16540,1326
2386,16543,304
2387,16545,833
2388,16546,1329
2389,16548,833
2390,16554,1332
2391,16555,21
2392,16556,1334
2393,16559,1336
2394,16560,11
2395,16562,1203
2396,16563,188
2397,16566,1115
2398,16567,1338
2399,16568,742
2400,16569,1870
2401,16571,1339
2402,16572,1216
2403,16574,820
2404,16575,1340
2405,16576,1341
2406,16577,1342
2407,16578,1343
2408,16580,77
2409,16581,380
2410,16583,289
2411,16585,1344
2412,16592,1345
2413,16593,512
2414,16594,785
2415,16597,833
2416,16598,1346
2417,16600,1870
2418,16601,718
2419,16604,188
2420,16605,1347
2421,16609,261
2422,16610,1986
2423,16612,1349
2424,16613,1350
2425,16617,304
2426,16619,255
2427,16620,266
2428,16621,1351
2429,16624,3
2430,16625,1356
2431,16626,1343
2432,16627,196
2433,16628,264
2434,16629,516
2435,16630,2113
2436,16631,392
2437,16632,113
2438,16634,64
2439,16635,1343
2440,16637,785
2441,16638,1502
2442,16639,785
2443,16640,49
2444,16646,337
2445,16649,337
2446,16652,600
2447,16656,1359
2448,16660,1360
2449,16664,346
2450,16666,1361
2451,16668,188
2452,16670,1363
2453,16671,1364
2454,16672,833
2455,16673,1366
2456,16674,1367
2457,16677,444
2458,16678,3
2459,16680,1368
2460,16684,1343
2461,16685,1228
2462,16688,455
2463,16697,660
2464,16699,188
2465,16700,620
2466,16701,455
2467,16702,659
2468,16703,130
2469,16706,1373
2470,16707,884
2471,16708,283
2472,16710,17
2473,16711,1006
2474,16712,82
2475,16713,1375
2476,16714,188
2477,16715,1376
2478,16717,220
2479,16719,1467
2480,16721,1377
2481,16722,1378
2482,16723,1379
2483,16724,1380
2484,16725,133
2485,16726,24
2486,16728,302
2487,16729,2064
2488,16730,1383
2489,16732,1601
2490,16733,1384
2491,16735,304
2492,16736,187
2493,16737,130
2494,16742,105
2495,16744,49
2496,16747,1387
2497,16748,261
2498,16749,64
2499,16750,538
2500,16751,1389
2501,16753,339
2502,16756,499
2503,16759,31
2504,16761,1391
2505,16762,1392
2506,16764,152
2507,16767,1180
2508,16768,89
2509,16770,15
2510,16771,339
2511,16773,1394
2512,16776,1402
2513,16778,1404
2514,16781,455
2515,16782,113
2516,16784,17
2517,16787,785
2518,16789,242
2519,16790,1172
2520,16791,188
2521,16792,1408
2522,16793,1209
2523,16794,483
2524,16796,1349
2525,16797,955
2526,16798,1411
2527,16799,245
2528,16801,523
2529,16802,523
2530,16803,170
2531,16805,1139
2532,16807,302
2533,16808,138
2534,16809,1412
2535,16811,1413
2536,16813,334
2537,16814,169
2538,16815,1415
2539,16816,1416
2540,16818,1418
2541,16819,1419
2542,16822,260
2543,16823,1421
2544,16824,1422
2545,16825,565
2546,16826,216
2547,16828,793
2548,16829,1502
2549,16830,1425
2550,16831,518
2551,16832,518
2552,16834,16
2553,16835,361
2554,16836,968
2555,16837,565
2556,16838,1426
2557,16841,1427
2558,16842,1428
2559,16844,1429
2560,16847,1430
2561,16848,376
2562,16850,1162
2563,16852,1432
2564,16858,64
2565,16860,2313
2566,16863,1434
2567,16875,1364
2568,16879,304
2569,16882,1436
2570,16887,385
2571,16889,1195
2572,16890,667
2573,16892,1437
2574,16893,1439
2575,16894,523
2576,16895,1441
2577,16899,112
2578,16903,779
2579,16907,1442
2580,16909,188
2581,16910,17
2582,16912,1445
2583,16913,1446
2584,16914,260
2585,16915,1447
2586,16916,1448
2587,16917,54
2588,16918,1449
2589,16919,1451
2590,16921,10
2591,16922,339
2592,16923,1399
2593,16924,269
2594,16925,1343
2595,16926,522
2596,16932,129
2597,16938,992
2598,16941,1452
2599,16943,1453
2600,16944,786
2601,16945,77
2602,16946,1455
2603,16948,121
2604,16949,1456
2605,16950,339
2606,16951,1458
2607,16953,77
2608,16954,483
2609,16955,152
2610,16957,323
2611,16958,1460
2612,16960,522
2613,16964,54
2614,16968,1216
2615,16969,1224
2616,16970,54
2617,16972,337
2618,16974,788
2619,16975,217
2620,16977,6
2621,16980,1463
2622,16981,376
2623,16982,1464
2624,16984,188
2625,16985,1465
2626,16986,585
2627,16987,1466
2628,16988,514
2629,16990,1162
2630,16994,1467
2631,16996,376
2632,16997,1468
2633,17002,1469
2634,17003,311
2635,17006,1243
2636,17007,261
2637,17008,1471
2638,17011,833
2639,17012,186
2640,17013,1472
2641,17014,521
2642,17017,3
2643,17018,1473
2644,17020,105
2645,17023,15
2646,17026,303
2647,17027,717
2648,17028,117
2649,17032,1476
2650,17033,516
2651,17034,87
2652,17035,1436
2653,17036,4
2654,17037,693
2655,17038,980
2656,17039,570
2657,17041,1478
2658,17042,1479
2659,17043,429
2660,17044,442
2661,17045,26
2662,17046,584
2663,17047,1480
2664,17049,489
2665,17050,1482
2666,17052,1044
2667,17053,1484
2668,17054,1485
2669,17055,176
2670,17056,1487
2671,17057,10
2672,17062,548
2673,17067,161
2674,17069,27
2675,17070,102
2676,17074,417
2677,17075,188
2678,17076,188
2679,17077,785
2680,17079,49
2681,17080,1843
2682,17081,1843
2683,17083,420
2684,17085,1488
2685,17086,94
2686,17087,2069
2687,17088,1489
2688,17090,512
2689,17091,512
2690,17094,38
2691,17095,1304
2692,17096,512
2693,17097,1491
2694,17098,521
2695,17099,455
2696,17100,38
2697,17101,1669
2698,17102,1494
2699,17103,512
2700,17104,70
2701,17105,255
2702,17106,508
2703,17109,49
2704,17111,1870
2705,17112,458
2706,17113,564
2707,17114,600
2708,17116,1497
2709,17118,1870
2710,17119,1501
2711,17125,1502
2712,17126,1360
2713,17128,1050
2714,17130,1504
2715,17132,1394
2716,17135,1505
2717,17137,975
2718,17138,474
2719,17140,49
2720,17141,105
2721,17143,429
2722,17144,289
2723,17146,105
2724,17149,330
2725,17150,1506
2726,17151,744
2727,17152,1439
2728,17154,1508
2729,17158,1509
2730,17159,1510
2731,17160,376
2732,17161,716
2733,17162,1511
2734,17163,1512
2735,17164,1513
2736,17165,417
2737,17166,519
2738,17167,1514
2739,17168,1374
2740,17170,570
2741,17171,483
2742,17172,1484
2743,17173,1346
2744,17174,1502
2745,17175,532
2746,17176,1516
2747,17177,465
2748,17178,918
2749,17179,927
2750,17180,1517
2751,17182,1518
2752,17183,1519
2753,17184,1520
2754,17185,1521
2755,17186,658
2756,17187,1523
2757,17188,1037
2758,17189,555
2759,17190,1524
2760,17191,1525
2761,17192,442
2762,17193,244
2763,17194,670
2764,17195,1526
2765,17198,49
2766,17199,1870
2767,17200,1870
2768,17201,584
2769,17202,1527
2770,17203,193
2771,17204,828
2772,17206,1528
2773,17208,526
2774,17209,1529
2775,17211,70
2776,17215,620
2777,17216,1530
2778,17219,2313
2779,17221,598
2780,17223,1439
2781,17224,1223
2782,17226,524
2783,17229,550
2784,17230,31
2785,17231,968
2786,17236,254
2787,17237,1532
2788,17238,16
2789,17239,959
2790,17240,525
2791,17242,1534
2792,17243,172
2793,17244,785
2794,17246,903
2795,17249,40
2796,17251,152
2797,17252,583
2798,17253,143
2799,17254,269
2800,17258,1538
2801,17259,1539
2802,17266,1540
2803,17268,497
2804,17270,113
2805,17274,1115
2806,17275,1349
2807,17276,1542
2808,17277,1543
2809,17278,628
2810,17279,122
2811,17280,611
2812,17281,1543
2813,17283,2151
2814,17284,1544
2815,17285,363
2816,17286,1545
2817,17287,1546
2818,17288,532
2819,17289,417
2820,17291,1308
2821,17292,178
2822,17293,242
2823,17295,1547
2824,17297,908
2825,17298,403
2826,17299,1537
2827,17301,169
2828,17302,1548
2829,17303,419
2830,17304,27
2831,17305,444
2832,17306,339
2833,17307,339
2834,17308,1550
2835,17309,1551
2836,17310,1552
2837,17312,455
2838,17314,1554
2839,17315,1555
2840,17316,1556
2841,17317,376
2842,17319,1557
2843,17320,4
2844,17322,1558
2845,17323,434
2846,17324,1559
2847,17325,1105
2848,17326,1328
2849,17327,429
2850,17329,1487
2851,17330,1562
2852,17331,26
2853,17332,121
2854,17333,320
2855,17335,1563
2856,17342,547
2857,17345,1564
2858,17346,610
2859,17350,2117
2860,17352,66
2861,17353,14
2862,17361,550
2863,17365,314
2864,17369,947
2865,17370,2151
2866,17371,1170
2867,17372,465
2868,17373,1567
2869,17374,1568
2870,17376,1569
2871,17377,471
2872,17379,455
2873,17381,696
2874,17385,3
2875,17387,1570
2876,17389,289
2877,17391,975
2878,17397,304
2879,17398,2092
2880,17400,656
2881,17401,121
2882,17402,1873
2883,17403,1873
2884,17404,1571
2885,17405,1303
2886,17406,1572
2887,17407,1573
2888,17408,255
2889,17412,892
2890,17414,266
2891,17417,61
2892,17418,186
2893,17421,1181
2894,17423,611
2895,17424,1364
2896,17425,442
2897,17428,968
2898,17433,1575
2899,17434,334
2900,17435,305
2901,17437,1576
2902,17438,1919
2903,17439,170
2904,17441,656
2905,17442,631
2906,17443,49
2907,17444,608
2908,17445,1579
2909,17446,429
2910,17448,49
2911,17449,892
2912,17450,751
2913,17454,1581
2914,17455,1472
2915,17456,1582
2916,17458,416
2917,17459,747
2918,17461,1583
2919,17462,1584
2920,17463,810
2921,17465,289
2922,17466,712
2923,17467,1585
2924,17470,1588
2925,17471,337
2926,17473,785
2927,17477,27
2928,17478,289
2929,17483,17
2930,17485,49
2931,17486,1136
2932,17487,1044
2933,17491,125
2934,17492,268
2935,17493,268
2936,17496,1609
2937,17498,578
2938,17499,166
2939,17500,1097
2940,17501,335
2941,17502,1097
2942,17504,326
2943,17508,1611
2944,17510,6
2945,17511,584
2946,17521,22
2947,17525,169
2948,17526,1873
2949,17529,1612
2950,17531,1613
2951,17532,1614
2952,17535,1060
2953,17541,505
2954,17542,302
2955,17543,295
2956,17544,3
2957,17545,3
2958,17546,3
2959,17547,59
2960,17548,260
2961,17549,1418
2962,17551,49
2963,17552,1160
2964,17553,1589
2965,17556,497
2966,17557,479
2967,17558,314
2968,17559,64
2969,17560,459
2970,17561,1542
2971,17565,566
2972,17566,49
2973,17567,64
2974,17568,975
2975,17569,947
2976,17573,489
2977,17574,1260
2978,17575,104
2979,17577,1592
2980,17578,1593
2981,17580,489
2982,17581,718
2983,17583,469
2984,17585,459
2985,17588,882
2986,17593,304
2987,17596,92
2988,17598,660
2989,17599,455
2990,17600,548
2991,17601,584
2992,17602,531
2993,17603,1384
2994,17604,597
2995,17605,659
2996,17606,1594
2997,17607,548
2998,17610,1595
2999,17611,1597
3000,17612,489
3001,17613,805
3002,17615,428
3003,17615,17
3004,17615,1598
3005,17616,1599
3006,17619,1505
3007,17620,295
3008,17622,121
3009,17624,1601
3010,17625,1603
3011,17626,476
3012,17628,188
3013,17629,670
3014,17630,629
3015,17631,1604
3016,17632,337
3017,17633,416
3018,17634,416
3019,17635,1100
3020,17636,309
3021,17637,228
3022,17638,1042
3023,17639,668
3024,17640,668
3025,17641,268
3026,17643,530
3027,17644,49
3028,17645,264
3029,17648,2004
3030,17649,521
3031,17650,64
3032,17652,542
3033,17653,1469
3034,17655,59
3035,17656,59
3036,17658,718
3037,17659,1615
3038,17662,1211
3039,17665,3
3040,17666,2307
3041,17668,40
3042,17670,678
3043,17671,216
3044,17675,1364
3045,17677,584
3046,17678,1237
3047,17679,1616
3048,17681,497
3049,17682,1102
3050,17684,6
3051,17685,1839
3052,17687,1487
3053,17689,1870
3054,17690,105
3055,17696,1684
3056,17697,542
3057,17698,70
3058,17708,1105
3059,17712,1617
3060,17714,166
3061,17716,329
3062,17717,329
3063,17718,547
3064,17719,785
3065,17720,3
3066,17722,3
3067,17724,1618
3068,17727,26
3069,17728,49
3070,17729,788
3071,17730,49
3072,17731,578
3073,17734,1870
3074,17735,1870
3075,17737,64
3076,17740,578
3077,17742,717
3078,17743,1113
3079,17745,521
3080,17746,785
3081,17749,2313
3082,17752,429
3083,17753,455
3084,17755,621
3085,17756,1527
3086,17757,188
3087,17759,1870
3088,17760,1621
3089,17761,607
3090,17762,252
3091,17763,1843
3092,17769,564
3093,17770,521
3094,17771,26
3095,17774,1529
3096,17775,1529
3097,17777,1364
3098,17778,255
3099,17781,1623
3100,17782,2064
3101,17784,170
3102,17785,3
3103,17786,31
3104,17787,1402
3105,17789,49
3106,17791,17
3107,17793,3
3108,17794,516
3109,17796,121
3110,17798,476
3111,17800,1155
3112,17801,489
3113,17803,931
3114,17805,966
3115,17807,1624
3116,17809,892
3117,17810,94
3118,17813,345
3119,17814,468
3120,17816,580
3121,17817,1105
3122,17820,268
3123,17825,1164
3124,17827,1627
3125,17829,1221
3126,17831,17
3127,17832,202
3128,17833,202
3129,17834,2307
3130,17835,626
3131,17836,1469
3132,17837,1624
3133,17839,1439
3134,17841,381
3135,17845,626
3136,17848,17
3137,17849,479
3138,17850,302
3139,17854,1629
3140,17856,419
3141,17859,1332
3142,17870,1630
3143,17871,1631
3144,17872,3
3145,17873,547
3146,17874,1632
3147,17876,524
3148,17877,1299
3149,17879,1135
3150,17880,99
3151,17881,1636
3152,17882,1636
3153,17883,2034
3154,17885,1495
3155,17887,339
3156,17888,1638
3157,17889,1439
3158,17891,1360
3159,17893,105
3160,17895,1024
3161,17896,579
3162,17897,155
3163,17898,1543
3164,17901,526
3165,17902,1191
3166,17903,1191
3167,17907,1059
3168,17908,1644
3169,17909,1650
3170,17910,304
3171,17911,202
3172,17912,350
3173,17915,968
3174,17923,1651
3175,17925,323
3176,17928,64
3177,17930,1653
3178,17933,454
3179,17935,188
3180,17940,105
3181,17942,622
3182,17943,668
3183,17946,17
3184,17949,613
3185,17950,2339
3186,17953,521
3187,17954,1023
3188,17956,337
3189,17964,1654
3190,17968,49
3191,17969,668
3192,17970,469
3193,17973,54
3194,17973,53
3195,17974,17
3196,17976,99
3197,17977,1655
3198,17982,15
3199,17983,1295
3200,17985,1870
3201,17987,1873
3202,17991,958
3203,17993,566
3204,17994,992
3205,18004,842
3206,18005,565
3207,18008,105
3208,18009,1656
3209,18014,155
3210,18016,1870
3211,18018,227
3212,18022,1657
3213,18023,516
3214,18025,1658
3215,18026,1049
3216,18027,1275
3217,18029,611
3218,18030,255
3219,18032,38
3220,18035,1660
3221,18036,700
3222,18037,245
3223,18040,49
3224,18042,311
3225,18043,311
3226,18044,1661
3227,18045,547
3228,18046,49
3229,18048,957
3230,18049,1358
3231,18052,489
3232,18054,968
3233,18055,1662
3234,18056,1654
3235,18057,1903
3236,18060,49
3237,18062,497
3238,18063,1870
3239,18067,49
3240,18069,203
3241,18071,889
3242,18074,807
3243,18077,131
3244,18079,1042
3245,18084,1664
3246,18086,27
3247,18087,203
3248,18088,1665
3249,18089,1666
3250,18091,1667
3251,18093,362
3252,18094,1446
3253,18095,659
3254,18097,903
3255,18098,668
3256,18103,4
3257,18104,429
3258,18105,1670
3259,18106,1671
3260,18108,1328
3261,18110,82
3262,18111,483
3263,18112,1672
3264,18114,1394
3265,18116,1674
3266,18117,1339
3267,18122,782
3268,18123,1008
3269,18125,173
3270,18126,1675
3271,18127,173
3272,18133,611
3273,18135,1870
3274,18139,1303
3275,18144,1677
3276,18145,1678
3277,18146,1680
3278,18149,512
3279,18152,408
3280,18155,568
3281,18156,264
3282,18159,489
3283,18160,49
3284,18161,127
3285,18163,1683
3286,18165,497
3287,18167,1006
3288,18168,3
3289,18168,172
3290,18169,172
3291,18170,172
3292,18173,10
3293,18176,1008
3294,18177,660
3295,18178,632
3296,18181,264
3297,18184,1171
3298,18186,924
3299,18189,113
3300,18190,455
3301,18191,597
3302,18194,578
3303,18196,631
3304,18198,842
3305,18199,1684
3306,18203,975
3307,18204,625
3308,18205,186
3309,18208,833
3310,18210,833
3311,18211,1366
3312,18212,1686
3313,18213,1687
3314,18214,828
3315,18215,1688
3316,18217,578
3317,18219,404
3318,18220,404
3319,18221,1691
3320,18224,897
3321,18225,1692
3322,18228,329
3323,18231,1370
3324,18236,18
3325,18240,59
3326,18244,975
3327,18246,1430
3328,18247,122
3329,18250,608
3330,18251,345
3331,18253,2025
3332,18255,255
3333,18256,70
3334,18259,3
3335,18266,975
3336,18271,418
3337,18272,2186
3338,18276,584
3339,18277,524
3340,18286,968
3341,18289,667
3342,18293,339
3343,18296,788
3344,18300,14
3345,18303,753
3346,18304,155
3347,18306,3
3348,18307,17
3349,18308,17
3350,18310,3
3351,18313,497
3352,18317,590
3353,18318,115
3354,18321,41
3355,18323,1870
3356,18325,1308
3357,18326,519
3358,18327,1389
3359,18328,105
3360,18329,1308
3361,18333,337
3362,18341,779
3363,18343,631
3364,18344,641
3365,18347,92
3366,18349,342
3367,18350,1528
3368,18351,1615
3369,18352,49
3370,18354,339
3371,18356,18
3372,18360,476
3373,18361,1870
3374,18362,1870
3375,18363,1870
3376,18365,951
3377,18366,597
3378,18367,868
3379,18369,1762
3380,18372,290
3381,18375,153
3382,18378,252
3383,18380,122
3384,18387,570
3385,18389,245
3386,18392,1637
3387,18393,475
3388,18394,38
3389,18395,351
3390,18396,483
3391,18398,351
3392,18401,508
3393,18404,434
3394,18412,1743
3395,18413,17
3396,18416,323
3397,18417,77
3398,18418,1037
3399,18419,131
3400,18428,660
3401,18429,992
3402,18432,17
3403,18434,809
3404,18436,400
3405,18441,987
3406,18442,10
3407,18447,165
3408,18450,66
3409,18452,77
3410,18453,1070
3411,18455,566
3412,18457,1172
3413,18462,170
3414,18463,896
3415,18464,339
3416,18469,121
3417,18473,1745
3418,18476,632
3419,18477,203
3420,18478,1746
3421,18480,1747
3422,18481,1748
3423,18482,892
3424,18483,1749
3425,18484,1287
3426,18485,1751
3427,18489,1752
3428,18490,1753
3429,18492,1873
3430,18493,1172
3431,18501,130
3432,18502,1754
3433,18503,497
3434,18506,1870
3435,18507,586
3436,18508,245
3437,18513,489
3438,18518,868
3439,18520,455
3440,18521,975
3441,18526,1534
3442,18527,611
3443,18528,411
3444,18530,337
3445,18531,565
3446,18532,1759
3447,18535,228
3448,18536,1760
3449,18537,274
3450,18539,372
3451,18540,334
3452,18541,337
3453,18542,522
3454,18544,105
3455,18550,155
3456,18551,27
3457,18552,1695
3458,18556,1186
3459,18564,455
3460,18565,1693
3461,18566,1615
3462,18567,1960
3463,18568,1162
3464,18569,170
3465,18570,268
3466,18571,268
3467,18572,268
3468,18574,753
3469,18575,1694
3470,18577,255
3471,18578,1699
3472,18580,532
3473,18582,21
3474,18583,1700
3475,18584,337
3476,18585,212
3477,18586,1702
3478,18587,1703
3479,18588,489
3480,18589,120
3481,18591,1224
3482,18592,1706
3483,18596,583
3484,18598,170
3485,18600,434
3486,18601,1707
3487,18602,1708
3488,18603,1986
3489,18604,1709
3490,18606,4
3491,18607,831
3492,18609,242
3493,18612,1710
3494,18613,112
3495,18615,940
3496,18616,49
3497,18618,1528
3498,18619,541
3499,18620,1509
3500,18621,779
3501,18623,49
3502,18625,547
3503,18626,947
3504,18627,77
3505,18630,260
3506,18632,49
3507,18633,1714
3508,18638,121
3509,18639,1717
3510,18641,105
3511,18642,1718
3512,18644,120
3513,18645,26
3514,18646,125
3515,18647,105
3516,18648,1719
3517,18649,1720
3518,18651,360
3519,18652,1430
3520,18654,471
3521,18655,863
3522,18656,1721
3523,18661,105
3524,18664,377
3525,18665,1534
3526,18669,2064
3527,18671,1724
3528,18675,791
3529,18676,2059
3530,18677,1233
3531,18679,903
3532,18682,78
3533,18683,10
3534,18684,257
3535,18685,470
3536,18686,596
3537,18687,600
3538,18688,564
3539,18690,1026
3540,18692,1726
3541,18694,1727
3542,18695,718
3543,18696,1728
3544,18697,172
3545,18698,172
3546,18699,121
3547,18700,984
3548,18704,1615
3549,18709,1729
3550,18710,1730
3551,18714,1731
3552,18717,54
3553,18718,497
3554,18720,1732
3555,18721,2034
3556,18722,77
3557,18729,696
3558,18730,379
3559,18731,1115
3560,18734,392
3561,18735,434
3562,18736,155
3563,18737,1733
3564,18738,320
3565,18741,170
3566,18742,1191
3567,18743,26
3568,18745,1735
3569,18747,255
3570,18754,903
3571,18756,1736
3572,18757,49
3573,18758,458
3574,18759,1737
3575,18761,1738
3576,18765,639
3577,18769,1060
3578,18771,49
3579,18772,947
3580,18774,283
3581,18775,49
3582,18776,1044
3583,18777,1296
3584,18782,1364
3585,18783,1047
3586,18785,54
3587,18801,77
3588,18802,1256
3589,18803,1739
3590,18807,61
3591,18809,1741
3592,18811,105
3593,18812,691
3594,18814,3
3595,18815,89
3596,18818,17
3597,18821,566
3598,18822,1394
3599,18824,1364
3600,18830,17
3601,18833,1477
3602,18836,17
3603,18840,24
3604,18842,103
3605,18844,1873
3606,18847,1763
3607,18853,17
3608,18854,17
3609,18855,17
3610,18856,66
3611,18858,248
3612,18859,896
3613,18866,788
3614,18869,1586
3615,18870,1764
3616,18874,314
3617,18876,1765
3618,18877,508
3619,18880,255
3620,18885,1394
3621,18887,636
3622,18889,1469
3623,18890,268
3624,18891,641
3625,18892,1366
3626,18896,204
3627,18899,2034
3628,18900,152
3629,18903,2034
3630,18906,1139
3631,18914,49
3632,18917,1767
3633,18918,516
3634,18920,245
3635,18922,1502
3636,18923,632
3637,18924,1551
3638,18928,320
3639,18930,320
3640,18931,255
3641,18932,525
3642,18934,532
3643,18935,1769
3644,18936,1543
3645,18937,621
3646,18939,1770
3647,18940,1772
3648,18944,219
3649,18945,1774
3650,18948,1775
3651,18950,1776
3652,18951,227
3653,18952,203
3654,18953,121
3655,18954,1060
3656,18956,550
3657,18957,600
3658,18961,77
3659,18963,879
3660,18965,92
3661,18966,1779
3662,18967,455
3663,18968,14
3664,18970,70
3665,18971,1339
3666,18974,833
3667,18975,968
3668,18976,1870
3669,18977,1781
3670,18979,448
3671,18983,631
3672,18986,1767
3673,18987,2048
3674,18988,584
3675,18989,376
3676,18990,489
3677,18991,2049
3678,18992,570
3679,18994,526
3680,18995,548
3681,18997,261
3682,18998,883
3683,18999,49
3684,19002,2050
3685,19004,660
3686,19006,257
3687,19008,896
3688,19012,133
3689,19014,1783
3690,19016,49
3691,19017,831
3692,19018,1784
3693,19019,302
3694,19020,1162
3695,19021,455
3696,19022,892
3697,19031,289
3698,19032,289
3699,19034,155
3700,19037,15
3701,19039,1873
3702,19042,77
3703,19043,585
3704,19045,949
3705,19046,188
3706,19047,419
3707,19048,1785
3708,19050,1786
3709,19051,1583
3710,19052,1787
3711,19053,611
3712,19054,1788
3713,19055,1789
3714,19056,227
3715,19057,1790
3716,19058,752
3717,19059,1791
3718,19060,718
3719,19061,1872
3720,19062,1037
3721,19063,14
3722,19065,803
3723,19067,1527
3724,19069,539
3725,19070,1191
3726,19071,1502
3727,19072,1792
3728,19073,1793
3729,19075,1794
3730,19077,131
3731,19078,1796
3732,19079,1439
3733,19082,304
3734,19084,1450
3735,19085,1797
3736,19086,584
3737,19091,1082
3738,19094,1308
3739,19095,377
3740,19096,64
3741,19097,64
3742,19098,868
3743,19100,1800
3744,19101,28
3745,19103,1487
3746,19104,1802
3747,19106,1803
3748,19108,785
3749,19109,1804
3750,19112,170
3751,19113,1805
3752,19114,1624
3753,19115,1806
3754,19116,1792
3755,19118,570
3756,19120,1794
3757,19121,842
3758,19125,667
3759,19127,1807
3760,19128,1237
3761,19129,1808
3762,19131,1507
3763,19132,949
3764,19133,471
3765,19134,186
3766,19136,1191
3767,19138,1870
3768,19139,1870
3769,19140,1203
3770,19142,558
3771,19143,1809
3772,19144,896
3773,19146,22
3774,19148,131
3775,19149,314
3776,19150,1529
3777,19151,325
3778,19153,36
3779,19154,668
3780,19155,1766
3781,19157,656
3782,19158,105
3783,19159,337
3784,19160,567
3785,19161,529
3786,19165,417
3787,19166,132
3788,19167,1224
3789,19168,257
3790,19169,1812
3791,19170,133
3792,19171,59
3793,19173,1655
3794,19174,1162
3795,19175,261
3796,19176,788
3797,19177,476
3798,19178,1870
3799,19179,1360
3800,19181,2051
3801,19183,156
3802,19184,667
3803,19186,1544
3804,19187,471
3805,19189,566
3806,19190,64
3807,19191,455
3808,19198,93
3809,19199,49
3810,19204,483
3811,19205,1815
3812,19206,524
3813,19208,528
3814,19209,1816
3815,19211,1009
3816,19214,26
3817,19215,2054
3818,19216,578
3819,19217,10
3820,19219,49
3821,19220,2056
3822,19223,1100
3823,19224,131
3824,19225,1527
3825,19226,1377
3826,19227,1817
3827,19229,1009
3828,19230,1120
3829,19232,2035
3830,19233,125
3831,19234,1224
3832,19235,1082
3833,19236,22
3834,19237,351
3835,19239,1820
3836,19240,1650
3837,19241,1349
3838,19242,1439
3839,19243,476
3840,19244,49
3841,19245,1821
3842,19246,2057
3843,19247,2059
3844,19248,625
3845,19249,1326
3846,19250,255
3847,19251,176
3848,19253,2061
3849,19254,621
3850,19257,1774
3851,19258,1824
3852,19259,252
3853,19261,419
3854,19263,670
3855,19264,703
3856,19265,268
3857,19266,268
3858,19267,2063
3859,19268,49
3860,19270,517
3861,19271,481
3862,19272,1825
3863,19273,497
3864,19274,1826
3865,19275,568
3866,19277,2184
3867,19279,609
3868,19280,342
3869,19281,548
3870,19283,789
3871,19284,255
3872,19286,99
3873,19287,2065
3874,19289,1774
3875,19291,793
3876,19292,611
3877,19296,2066
3878,19300,1138
3879,19303,1830
3880,19305,471
3881,19307,49
3882,19308,2069
3883,19310,1834
3884,19311,1601
3885,19316,1364
3886,19318,897
3887,19320,2313
3888,19322,903
3889,19323,788
3890,19327,947
3891,19331,345
3892,19333,1070
3893,19334,2071
3894,19336,2071
3895,19337,2072
3896,19338,227
3897,19339,244
3898,19341,2125
3899,19342,40
3900,19344,785
3901,19346,618
3902,19347,2073
3903,19349,975
3904,19351,598
3905,19353,2074
3906,19354,812
3907,19355,459
3908,19358,1836
3909,19360,518
3910,19361,514
3911,19362,59
3912,19364,334
3913,19365,1837
3914,19366,228
3915,19369,189
3916,19370,99
3917,19371,337
3918,19372,2086
3919,19373,3
3920,19385,1839
3921,19388,1841
3922,19389,1121
3923,19391,634
3924,19392,64
3925,19393,570
3926,19396,255
3927,19397,1723
3928,19398,1467
3929,19399,197
3930,19400,302
3931,19401,701
3932,19402,1502
3933,19403,1842
3934,19404,1843
3935,19405,1844
3936,19406,1764
3937,19407,441
3938,19408,1047
3939,19409,1126
3940,19411,362
3941,19412,613
3942,19413,864
3943,19414,1845
3944,19415,1846
3945,19416,483
3946,19419,1847
3947,19420,1848
3948,19426,1849
3949,19429,1870
3950,19430,24
3951,19431,1850
3952,19432,1851
3953,19434,2064
3954,19435,1852
3955,19437,668
3956,19441,93
3957,19442,547
3958,19443,1853
3959,19445,1821
3960,19449,248
3961,19450,141
3962,19452,523
3963,19453,1855
3964,19455,1856
3965,19456,968
3966,19457,337
3967,19459,242
3968,19460,1857
3969,19461,1857
3970,19462,2078
3971,19463,634
3972,19466,408
3973,19467,2079
3974,19469,2080
3975,19470,2081
3976,19471,3
3977,19473,668
3978,19475,455
3979,19476,1858
3980,19477,1859
3981,19486,66
3982,19487,66
3983,19488,1860
3984,19491,512
3985,19492,512
3986,19493,66
3987,19496,2082
3988,19497,1135
3989,19498,1861
3990,19499,212
3991,19500,2083
3992,19501,1068
3993,19507,547
3994,19508,99
3995,19509,767
3996,19511,122
3997,19516,6
3998,19519,1575
3999,19520,1863
4000,19521,268
4001,19522,268
4002,19523,548
4003,19527,570
4004,19528,523
4005,19533,2085
4006,19534,1864
4007,19535,2064
4008,19536,1865
4009,19540,1045
4010,19545,629
4011,19546,1575
4012,19552,10
4013,19556,1047
4014,19559,40
4015,19560,254
4016,19571,1866
4017,19572,1867
4018,19577,1197
4019,19579,547
4020,19585,10
4021,19586,2088
4022,19587,1869
4023,19588,304
4024,19589,104
4025,19590,105
4026,19591,798
4027,19594,1870
4028,19596,1069
4029,19596,304
4030,19599,1872
4031,19600,1873
4032,19601,1567
4033,19602,1874
4034,19603,1875
4035,19604,1876
4036,19605,166
4037,19606,1877
4038,19607,865
4039,19608,337
4040,19610,4
4041,19615,1414
4042,19616,1095
4043,19617,1879
4044,19620,1880
4045,19621,1113
4046,19622,1712
4047,19623,1881
4048,19624,1921
4049,19625,1870
4050,19626,1883
4051,19627,1882
4052,19630,1278
4053,19631,1277
4054,19632,1278
4055,19635,455
4056,19636,6
4057,19637,26
4058,19638,1884
4059,19639,1787
4060,19640,1886
4061,19642,112
4062,19643,49
4063,19644,260
4064,19645,1104
4065,19646,830
4066,19647,188
4067,19648,188
4068,19649,700
4069,19650,1791
4070,19651,584
4071,19652,1534
4072,19659,1516
4073,19660,458
4074,19661,1888
4075,19663,4
4076,19664,611
4077,19665,975
4078,19666,237
4079,19668,968
4080,19669,1889
4081,19670,1890
4082,19671,1891
4083,19674,548
4084,19676,255
4085,19677,1370
4086,19680,112
4087,19681,1893
4088,19683,1631
4089,19684,1895
4090,19685,170
4091,19687,49
4092,19692,955
4093,19693,1897
4094,19694,525
4095,19695,1898
4096,19697,564
4097,19700,1901
4098,19701,992
4099,19703,261
4100,19705,1902
4101,19706,172
4102,19707,419
4103,19709,376
4104,19710,1543
4105,19711,609
4106,19713,1904
4107,19714,260
4108,19715,1906
4109,19716,1907
4110,19717,434
4111,19718,318
4112,19719,620
4113,19722,112
4114,19723,723
4115,19724,620
4116,19726,548
4117,19728,1551
4118,19729,611
4119,19730,208
4120,19732,1908
4121,19733,1439
4122,19735,330
4123,19736,21
4124,19738,569
4125,19740,429
4126,19742,1134
4127,19744,1910
4128,19746,49
4129,19747,1201
4130,19748,166
4131,19750,532
4132,19751,1912
4133,19752,1169
4134,19756,64
4135,19757,628
4136,19759,628
4137,19760,49
4138,19763,255
4139,19764,2180
4140,19765,332
4141,19768,1913
4142,19770,269
4143,19772,566
4144,19773,1058
4145,19775,556
4146,19776,666
4147,19777,64
4148,19780,31
4149,19783,1873
4150,19785,2313
4151,19786,2181
4152,19787,342
4153,19789,17
4154,19789,326
4155,19789,1915
4156,19789,1224
4157,19795,975
4158,19796,667
4159,19797,2182
4160,19798,189
4161,19799,104
4162,19801,335
4163,19802,1918
4164,19803,2183
4165,19804,2184
4166,19805,882
4167,19806,752
4168,19807,1730
4169,19808,1921
4170,19810,1922
4171,19812,1923
4172,19814,18
4173,19818,289
4174,19819,922
4175,19820,17
4176,19822,112
4177,19823,254
4178,19824,1925
4179,19825,254
4180,19827,28
4181,19828,245
4182,19829,1557
4183,19831,547
4184,19832,221
4185,19833,1926
4186,19838,1089
4187,19839,268
4188,19840,497
4189,19841,2074
4190,19842,1929
4191,19843,170
4192,19844,417
4193,19845,417
4194,19846,1930
4195,19847,1089
4196,19848,842
4197,19849,975
4198,19850,323
4199,19851,417
4200,19853,459
4201,19855,656
4202,19856,1931
4203,19857,186
4204,19858,254
4205,19859,1272
4206,19860,27
4207,19862,350
4208,19863,1932
4209,19864,1933
4210,19865,865
4211,19868,563
4212,19870,819
4213,19871,570
4214,19876,957
4215,19877,113
4216,19879,193
4217,19880,1934
4218,19881,1712
4219,19887,255
4220,19888,1935
4221,19892,99
4222,19893,874
4223,19894,334
4224,19896,99
4225,19897,611
4226,19899,1937
4227,19900,1105
4228,19902,896
4229,19904,170
4230,19905,1939
4231,19905,1940
4232,19906,2181
4233,19907,334
4234,19908,599
4235,19909,61
4236,19910,317
4237,19912,1507
4238,19915,548
4239,19916,40
4240,19918,631
4241,19923,1941
4242,19926,1251
4243,19928,1250
4244,19929,1942
4245,19930,1872
4246,19932,896
4247,19934,555
4248,19935,337
4249,19936,555
4250,19937,673
4251,19938,678
4252,19939,1946
4253,19942,1162
4254,19943,193
4255,19944,1104
4256,19945,1948
4257,19946,196
4258,19947,196
4259,19948,580
4260,19949,1949
4261,19951,2034
4262,19952,1950
4263,19953,820
4264,19954,990
4265,19956,785
4266,19957,1951
4267,19958,1952
4268,19959,346
4269,19960,337
4270,19962,1953
4271,19963,1954
4272,19964,992
4273,19964,1955
4274,19964,6
4275,19965,516
4276,19966,523
4277,19968,1339
4278,19969,1956
4279,19970,459
4280,19972,22
4281,19973,1008
4282,19974,1958
4283,19975,1959
4284,19976,317
4285,19978,643
4286,19980,1960
4287,19982,1360
4288,19983,1070
4289,19985,947
4290,19987,403
4291,19988,1961
4292,19989,49
4293,19990,4
4294,19991,1962
4295,19992,166
4296,19995,1963
4297,20000,1523
4298,20001,1964
4299,20003,295
4300,20004,810
4301,20006,77
4302,20008,430
4303,20011,1965
4304,20012,620
4305,20014,117
4306,20016,634
4307,20017,1111
4308,20018,3
4309,20019,1967
4310,20020,105
4311,20021,105
4312,20022,1968
4313,20023,1764
4314,20024,442
4315,20026,10
4316,20027,105
4317,20030,1969
4318,20031,1349
4319,20032,1970
4320,20033,1971
4321,20034,99
4322,20035,1873
4323,20036,10
4324,20038,1467
4325,20039,1972
4326,20042,1851
4327,20043,1113
4328,20044,1797
4329,20045,3
4330,20046,1973
4331,20047,1973
4332,20048,1973
4333,20049,3
4334,20051,17
4335,20053,237
4336,20055,105
4337,20056,1975
4338,20057,521
4339,20059,1402
4340,20060,1976
4341,20061,1977
4342,20062,1980
4343,20063,1181
4344,20065,1003
4345,20067,317
4346,20068,105
4347,20071,613
4348,20073,1618
4349,20074,489
4350,20079,31
4351,20082,483
4352,20083,1982
4353,20085,237
4354,20088,903
4355,20092,38
4356,20094,518
4357,20095,38
4358,20096,518
4359,20097,1985
4360,20098,1388
4361,20099,1752
4362,20100,555
4363,20101,16
4364,20104,27
4365,20105,193
4366,20106,828
4367,20108,172
4368,20109,64
4369,20111,49
4370,20112,868
4371,20113,3
4372,20115,400
4373,20116,2090
4374,20117,1986
4375,20118,455
4376,20119,102
4377,20120,193
4378,20121,1704
4379,20124,516
4380,20125,578
4381,20127,38
4382,20128,519
4383,20130,596
4384,20131,596
4385,20132,470
4386,20133,1987
4387,20134,1467
4388,20135,1988
4389,20136,1467
4390,20137,404
4391,20138,16
4392,20141,532
4393,20143,14
4394,20145,330
4395,20147,1989
4396,20149,18
4397,20150,656
4398,20151,1990
4399,20152,660
4400,20153,1992
4401,20154,1992
4402,20155,623
4403,20156,193
4404,20158,1993
4405,20160,1994
4406,20165,40
4407,20166,1995
4408,20167,1996
4409,20168,77
4410,20169,31
4411,20170,179
4412,20172,1997
4413,20174,16
4414,20176,1998
4415,20177,269
4416,20177,400
4417,20178,2002
4418,20180,2003
4419,20181,1954
4420,20183,1921
4421,20184,112
4422,20186,1999
4423,20190,1418
4424,20192,1843
4425,20193,1843
4426,20195,707
4427,20196,1439
4428,20198,2008
4429,20201,2009
4430,20203,138
4431,20205,703
4432,20209,418
4433,20210,2012
4434,20211,524
4435,20212,2013
4436,20213,524
4437,20214,483
4438,20216,2014
4439,20217,2015
4440,20218,2016
4441,20221,2017
4442,20222,516
4443,20223,2018
4444,20224,27
4445,20226,2114
4446,20228,118
4447,20229,268
4448,20230,362
4449,20231,471
4450,20232,1785
4451,20233,70
4452,20235,2019
4453,20236,2020
4454,20237,244
4455,20239,1815
4456,20240,2021
4457,20241,2022
4458,20242,2023
4459,20243,280
4460,20244,2024
4461,20245,735
4462,20246,1244
4463,20248,2025
4464,20249,2026
4465,20250,2020
4466,20252,2027
4467,20253,2028
4468,20254,6
4469,20255,2030
4470,20256,254
4471,20257,1964
4472,20257,10
4473,20259,212
4474,20262,193
4475,20263,2032
4476,20265,908
4477,20266,2033
4478,20268,847
4479,20269,961
4480,20271,2034
4481,20272,764
4482,20277,2036
4483,20280,170
4484,20281,170
4485,20285,17
4486,20287,2038
4487,20290,17
4488,20291,980
4489,20294,2039
4490,20297,64
4491,20300,2041
4492,20301,363
4493,20302,1048
4494,20303,685
4495,20304,2042
4496,20305,170
4497,20306,434
4498,20307,532
4499,20308,632
4500,20310,224
4501,20311,2045
4502,20312,2046
4503,20313,1237
4504,20314,897
4505,20315,897
4506,20320,350
4507,20321,11
4508,20322,2092
4509,20324,753
4510,20325,31
4511,20327,2093
4512,20328,349
4513,20329,202
4514,20330,1127
4515,20332,2094
4516,20333,2095
4517,20334,196
4518,20337,49
4519,20338,835
4520,20339,570
4521,20340,2096
4522,20342,49
4523,20345,753
4524,20346,1215
4525,20348,1870
4526,20351,10
4527,20355,1429
4528,20358,2097
4529,20359,661
4530,20362,631
4531,20363,1245
4532,20364,1760
4533,20367,2098
4534,20370,903
4535,20371,10
4536,20374,2099
4537,20377,2100
4538,20379,791
4539,20381,442
4540,20383,49
4541,20384,434
4542,20385,2102
4543,20386,570
4544,20387,2103
4545,20388,1209
4546,20389,1926
4547,20391,1173
4548,20392,1798
4549,20393,2104
4550,20394,2105
4551,20395,392
4552,20396,2106
4553,20399,1787
4554,20400,2107
4555,20402,112
4556,20403,304
4557,20406,1308
4558,20408,2109
4559,20410,1069
4560,20411,6
4561,20414,289
4562,20416,2110
4563,20417,2111
4564,20418,753
4565,20420,64
4566,20423,668
4567,20424,661
4568,20425,115
4569,20426,1795
4570,20431,54
4571,20433,1069
4572,20435,947
4573,20436,1049
4574,20437,49
4575,20438,2115
4576,20439,3
4577,20442,471
4578,20444,18
4579,20446,260
4580,20447,2116
4581,20448,596
4582,20449,596
4583,20450,670
4584,20451,121
4585,20452,1820
4586,20453,2118
4587,20454,2119
4588,20456,105
4589,20460,2120
4590,20461,2122
4591,20462,462
4592,20463,2123
4593,20465,320
4594,20467,2124
4595,20470,2125
4596,20471,820
4597,20472,2126
4598,20473,269
4599,20474,193
4600,20478,266
4601,20479,2127
4602,20480,516
4603,20481,15
4604,20482,1618
4605,20483,176
4606,20484,2130
4607,20486,1308
4608,20487,1308
4609,20488,329
4610,20491,314
4611,20492,1873
4612,20493,565
4613,20497,1316
4614,20499,2131
4615,20500,2132
4616,20501,2133
4617,20505,2134
4618,20506,812
4619,20509,130
4620,20510,304
4621,20513,289
4622,20517,1654
4623,20519,2135
4624,20521,2136
4625,20524,246
4626,20526,968
4627,20527,172
4628,20528,172
4629,20529,1575
4630,20531,2137
4631,20533,489
4632,20534,886
4633,20535,471
4634,20536,1042
4635,20537,76
4636,20538,785
4637,20539,323
4638,20540,2138
4639,20541,1502
4640,20542,2139
4641,20543,10
4642,20546,125
4643,20547,266
4644,20548,197
4645,20549,314
4646,20553,565
4647,20554,954
4648,20556,117
4649,20559,152
4650,20560,2151
4651,20565,2140
4652,20566,980
4653,20567,1070
4654,20569,2141
4655,20570,570
4656,20579,1410
4657,20580,833
4658,20581,158
4659,20582,1439
4660,20585,1245
4661,20587,1764
4662,20588,1033
4663,20592,82
4664,20594,49
4665,20595,1960
4666,20597,660
4667,20598,1841
4668,20600,244
4669,20606,1870
4670,20608,812
4671,20610,392
4672,20614,2034
4673,20615,82
4674,20617,93
4675,20619,31
4676,20620,525
4677,20621,2307
4678,20622,912
4679,20625,1452
4680,20626,49
4681,20628,497
4682,20632,188
4683,20635,434
4684,20637,3
4685,20638,779
4686,20640,1112
4687,20642,897
4688,20644,862
4689,20645,2096
4690,20648,949
4691,20649,608
4692,20650,678
4693,20652,1505
4694,20654,1227
4695,20655,1870
4696,20656,1585
4697,20658,1717
4698,20660,1026
4699,20662,49
4700,20663,1747
4701,20667,1162
4702,20668,1813
4703,20669,334
4704,20675,568
4705,20677,625
4706,20681,250
4707,20683,637
4708,20684,194
4709,20686,323
4710,20687,323
4711,20693,3
4712,20695,49
4713,20696,61
4714,20697,626
4715,20699,1113
4716,20702,489
4717,20707,38
4718,20709,428
4719,20710,38
4720,20714,566
4721,20715,417
4722,20716,532
4723,20720,1158
4724,20722,295
4725,20723,1267
4726,20724,519
4727,20725,260
4728,20728,442
4729,20729,631
4730,20739,172
4731,20743,172
4732,20747,167
4733,20748,2142
4734,20750,2143
4735,20753,886
4736,20754,264
4737,20755,304
4738,20757,2034
4739,20758,892
4740,20759,2034
4741,20761,82
4742,20762,777
4743,20763,2146
4744,20764,566
4745,20765,376
4746,20766,376
4747,20768,975
4748,20772,2147
4749,20773,326
4750,20775,975
4751,20777,1326
4752,20778,255
4753,20779,49
4754,20780,2148
4755,20781,2149
4756,20782,2151
4757,20783,497
4758,20784,499
4759,20786,121
4760,20788,38
4761,20789,810
4762,20791,38
4763,20793,1250
4764,20795,1120
4765,20799,668
4766,20802,2150
4767,20803,104
4768,20805,2151
4769,20806,2151
4770,20807,2152
4771,20808,112
4772,20814,17
4773,20815,155
4774,20818,550
4775,20821,1870
4776,20823,105
4777,20824,550
4778,20826,1117
4779,20827,667
4780,20828,2153
4781,20829,304
4782,20833,962
4783,20835,896
4784,20836,966
4785,20840,788
4786,20841,649
4787,20843,2154
4788,20844,349
4789,20845,1858
4790,20848,2155
4791,20849,656
4792,20851,578
4793,20852,434
4794,20853,2157
4795,20858,2161
4796,20859,678
4797,20860,2163
4798,20861,227
4799,20862,2151
4800,20863,2164
4801,20865,10
4802,20866,793
4803,20867,2166
4804,20868,2167
4805,20869,937
4806,20870,118
4807,20871,66
4808,20872,2170
4809,20873,2171
4810,20874,1247
4811,20875,2173
4812,20876,1870
4813,20878,1986
4814,20879,532
4815,20880,568
4816,20882,1795
4817,20883,212
4818,20885,2175
4819,20887,304
4820,20887,18
4821,20889,112
4822,20890,2176
4823,20894,40
4824,20895,2074
4825,20897,2177
4826,20898,49
4827,20901,1964
4828,20902,3
4829,20905,867
4830,20906,1988
4831,20907,892
4832,20908,244
4833,20909,538
4834,20910,555
4835,20911,2178
4836,20912,2179
4837,20913,1479
4838,20914,125
4839,20916,1179
4840,20918,2193
4841,20919,2194
4842,20921,339
4843,20922,122
4844,20923,2197
4845,20924,417
4846,20928,89
4847,20929,2198
4848,20930,1839
4849,20931,1839
4850,20933,1171
4851,20934,2200
4852,20936,337
4853,20937,59
4854,20938,2203
4855,20939,432
4856,20943,2071
4857,20944,342
4858,20945,2204
4859,20946,547
4860,20947,1469
4861,20949,311
4862,20950,1501
4863,20951,311
4864,20954,99
4865,20956,204
4866,20957,2207
4867,20958,99
4868,20959,1259
4869,20961,2210
4870,20963,975
4871,20965,2211
4872,20966,570
4873,20967,2212
4874,20968,2213
4875,20971,2214
4876,20974,2215
4877,20975,2216
4878,20976,26
4879,20979,489
4880,20980,634
4881,20981,2217
4882,20982,2218
4883,20983,1216
4884,20984,1155
4885,20985,1341
4886,20986,2219
4887,20988,283
4888,20989,2220
4889,20990,2221
4890,20992,897
4891,20993,2222
4892,20994,2223
4893,20995,2224
4894,20996,449
4895,20997,2225
4896,20998,2226
4897,20999,883
4898,21000,2227
4899,21001,2228
4900,21003,2229
4901,21004,2230
4902,21005,2231
4903,21006,2233
4904,21007,1518
4905,21009,1870
4906,21011,2234
4907,21012,580
4908,21013,1046
4909,21016,133
4910,21017,1173
4911,21019,978
4912,21021,555
4913,21024,434
4914,21025,49
4915,21028,429
4916,21029,350
4917,21031,2236
4918,21033,1350
4919,21034,320
4920,21035,2238
4921,21038,2239
4922,21039,6
4923,21040,17
4924,21048,857
4925,21049,685
4926,21050,975
4927,21052,2240
4928,21054,2241
4929,21055,10
4930,21058,1925
4931,21061,1364
4932,21063,1342
4933,21068,896
4934,21069,429
4935,21070,361
4936,21073,302
4937,21074,2242
4938,21076,2243
4939,21078,1008
4940,21080,1008
4941,21081,532
4942,21082,585
4943,21083,1583
4944,21084,2244
4945,21085,2245
4946,21087,947
4947,21090,113
4948,21092,59
4949,21095,2248
4950,21096,627
4951,21097,627
4952,21098,260
4953,21099,1162
4954,21100,1162
4955,21101,1097
4956,21102,2249
4957,21103,892
4958,21109,54
4959,21110,2250
4960,21111,131
4961,21114,525
4962,21115,525
4963,21116,601
4964,21118,2251
4965,21119,525
4966,21121,673
4967,21122,1237
4968,21124,170
4969,21125,2252
4970,21126,302
4971,21127,339
4972,21133,547
4973,21136,1407
4974,21137,677
4975,21139,1370
4976,21140,6
4977,21142,625
4978,21145,2064
4979,21146,2253
4980,21148,578
4981,21152,489
4982,21157,2255
4983,21159,667
4984,21160,49
4985,21161,611
4986,21163,788
4987,21164,524
4988,21165,517
4989,21168,330
4990,21169,628
4991,21170,268
4992,21171,268
4993,21172,1977
4994,21174,1224
4995,21175,302
4996,21178,40
4997,21182,269
4998,21184,133
4999,21194,1173
5000,21195,404
5001,21198,547
5002,21198,1341
5003,21200,793
5004,21203,2264
5005,21204,268
5006,21205,64
5007,21207,2265
5008,21208,524
5009,21209,1615
5010,21210,1624
5011,21212,1237
5012,21213,777
5013,21214,260
5014,21216,1794
5015,21220,847
5016,21221,317
5017,21222,2268
5018,21223,230
5019,21224,1127
5020,21225,53
5021,21227,1762
5022,21228,1211
5023,21229,1070
5024,21230,422
5025,21231,2308
5026,21233,1224
5027,21237,812
5028,21239,473
5029,21241,2309
5030,21242,2310
5031,21249,400
5032,21253,3
5033,21256,323
5034,21258,2312
5035,21259,2313
5036,21260,330
5037,21261,763
5038,21265,565
5039,21268,465
5040,21270,2314
5041,21271,489
5042,21272,1262
5043,21274,1224
5044,21275,1250
5045,21277,656
5046,21278,460
5047,21279,2315
5048,21280,130
5049,21281,2316
5050,21282,992
5051,21285,668
5052,21286,497
5053,21287,417
5054,21288,1197
5055,21289,882
5056,21292,2317
5057,21294,152
5058,21295,2319
5059,21297,1958
5060,21299,254
5061,21300,188
5062,21302,77
5063,21303,2320
5064,21307,2321
5065,21309,2223
5066,21312,947
5067,21313,2322
5068,21315,77
5069,21316,77
5070,21318,2324
5071,21321,244
5072,21322,489
5073,21323,489
5074,21324,1047
5075,21325,2059
5076,21327,284
5077,21328,1224
5078,21331,483
5079,21332,2313
5080,21334,2326
5081,21335,2327
5082,21336,867
5083,21337,2148
5084,21339,377
5085,21342,2328
5086,21343,2330
5087,21345,2332
5088,21348,289
5089,21349,115
5090,21350,250
5091,21352,931
5092,21354,1439
5093,21357,2264
5094,21358,2266
5095,21359,1197
5096,21361,2333
5097,21362,2334
5098,21364,1006
5099,21367,2336
5100,21368,77
5101,21370,289
5102,21372,155
5103,21373,155
5104,21374,1502
5105,21375,166
5106,21376,1248
5107,21377,2337
5108,21378,10
5109,21379,1959
5110,21382,131
5111,21383,2344
5112,21390,489
5113,21391,642
5114,21396,632
5115,21397,578
5116,21398,2345
5117,21400,611
5118,21402,113
5119,21404,968
5120,21405,2338
5121,21406,476
5122,21408,2348
5123,21409,2350
5124,21410,1114
5125,21415,2351
5126,21416,64
5127,21417,49
5128,21424,566
5129,21425,113
5130,21429,228
5131,21432,334
5132,21434,1918
5133,21435,22
5134,21439,656
5135,21441,268
5136,21442,1095
5137,21445,1870
5138,21447,779
5139,21448,696
5140,21450,64
5141,21451,2269
5142,21455,1870
5143,21456,2095
5144,21458,404
5145,21459,51
5146,21461,59
5147,21462,99
5148,21463,2086
5149,21465,533
5150,21466,542
5151,21467,487
5152,21468,2270
5153,21470,2271
5154,21471,59
5155,21473,70
5156,21475,1872
5157,21476,2272
5158,21477,2273
5159,21478,188
5160,21479,2274
5161,21482,172
5162,21483,172
5163,21486,1872
5164,21489,2275
5165,21494,2276
5166,21495,131
5167,21497,1037
5168,21499,170
5169,21501,1037
5170,21507,1070
5171,21508,22
5172,21511,304
5173,21515,117
5174,21521,497
5175,21522,954
5176,21523,118
5177,21524,138
5178,21525,138
5179,21529,10
5180,21531,2277
5181,21532,1155
5182,21533,1155
5183,21534,1224
5184,21535,3
5185,21537,112
5186,21540,400
5187,21542,133
5188,21543,1429
5189,21544,628
5190,21547,64
5191,21549,570
5192,21550,64
5193,21551,268
5194,21556,10
5195,21558,24
5196,21560,1794
5197,21562,1326
5198,21563,820
5199,21565,516
5200,21567,2278
5201,21568,2279
5202,21569,2280
5203,21570,22
5204,21571,788
5205,21572,458
5206,21575,14
5207,21576,170
5208,21577,2339
5209,21578,1413
5210,21579,326
5211,21580,131
5212,21581,131
5213,21588,2340
5214,21589,2341
5215,21595,2123
5216,21596,584
5217,21597,2151
5218,21598,1766
5219,21601,17
5220,21602,339
5221,21603,212
5222,21607,255
5223,21609,330
5224,21610,49
5225,21618,441
5226,21619,342
5227,21623,959
5228,21624,10
5229,21626,155
5230,21627,810
5231,21628,49
5232,21630,782
5233,21631,2034
5234,21633,2281
5235,21634,2282
5236,21636,2034
5237,21639,2283
5238,21641,117
5239,21642,2284
5240,21643,2285
5241,21645,793
5242,21647,1216
5243,21650,1767
5244,21651,2286
5245,21652,2287
5246,21653,1856
5247,21654,202
5248,21656,125
5249,21657,1191
5250,21658,1953
5251,21659,525
5252,21660,1245
5253,21661,455
5254,21663,723
5255,21664,464
5256,21665,2291
5257,21666,2292
5258,21667,2293
5259,21668,122
5260,21670,2295
5261,21671,2296
5262,21672,1538
5263,21673,2298
5264,21674,980
5265,21675,2299
5266,21676,2301
5267,21677,632
5268,21679,17
5269,21679,400
5270,21683,10
5271,21684,842
5272,21686,17
5273,21693,3
5274,21696,1983
5275,21697,1495
5276,21701,1360
5277,21711,2305
5278,21712,548
5279,21715,779
5280,21717,2306
5281,21724,1060
5282,21725,27
5283,21727,3
5284,21734,27
5285,21736,203
5286,21740,3
5287,21743,1060
5288,21745,22
5289,21748,155
5290,21757,17
5291,21758,17
5292,21759,18
5293,21760,17
5294,21765,1364
5295,21767,842
5296,21779,283
5297,21781,31
5298,21784,339
5299,21788,992
5300,21793,1286
5301,21794,1502
5302,21796,779
5303,21797,1538
5304,21798,1633
5305,21805,476
5306,21807,22
5307,21809,1872
5308,21820,345
5309,21822,2352
5310,21826,479
5311,21827,419
5312,21828,2353
5313,21830,242
5314,21831,31
5315,21832,1695
5316,21834,547
5317,21837,1594
5318,21838,2356
5319,21839,2358
5320,21841,565
5321,21844,77
5322,21849,565
5323,21854,476
5324,21856,41
5325,21857,1224
5326,21858,2360
5327,21862,26
5328,21864,17
5329,21866,2363
5330,21867,992
5331,21869,1402
5332,21870,2365
5333,21872,2366
5334,21874,3
5335,21875,2319
5336,21878,31
5337,21879,434
5338,21882,2367
5339,21883,842
5340,21884,1197
5341,21886,77
5342,21888,2368
5343,21889,1484
5344,21892,333
5345,21893,1476
5346,21895,2370
5347,21896,1185
5348,21897,260
5349,21898,1367
5350,21899,1341
5351,21900,99
5352,21901,538
5353,21902,138
5354,21904,12
5355,21907,434
5356,21908,66
5357,21909,1843
5358,21910,628
5359,21912,290
5360,21913,17
5361,21914,17
5362,21915,1781
5363,21916,2107
